Date,NDWI,Surface
2022-01-01,-0.15370555555555557,17529420.798342116
2022-01-02,-0.15252974910394265,66418649.919445746
2022-01-03,-0.15135394265232976,115307879.04054937
2022-01-04,-0.15017813620071685,78259311.06052119
2022-01-05,-0.14900232974910396,41210743.080493
2022-01-06,-0.14782652329749105,4162175.1004648255
2022-01-07,-0.14665071684587813,58042775.74899234
2022-01-08,-0.14547491039426524,111923376.39751984
2022-01-09,-0.14429910394265233,4165207.842351578
2022-01-10,-0.14312329749103944,32255546.825932123
2022-01-11,-0.14194749103942653,60345885.80951267
2022-01-12,-0.14077168458781364,88436224.7930932
2022-01-13,-0.13959587813620072,116526563.77667375
2022-01-14,-0.1384200716845878,4160404.2760673985
2022-01-15,-0.13724426523297492,10820196.014568374
2022-01-16,-0.136068458781362,17479987.75306935
2022-01-17,-0.13489265232974912,12102343.728807993
2022-01-18,-0.1337168458781362,6724699.70454664
2022-01-19,-0.1325410394265233,1347055.6802852857
2022-01-20,-0.1313652329749104,7327620.062253106
2022-01-21,-0.13018942652329749,13308184.444220927
2022-01-22,-0.1290136200716846,10743266.302019138
2022-01-23,-0.12783781362007168,8178348.159817348
2022-01-24,-0.12666200716845877,5613430.017615559
2022-01-25,-0.12548620071684588,3048511.87541377
2022-01-26,-0.12431039426523297,483593.7332119811
2022-01-27,-0.12313458781362006,1602570.2833396764
2022-01-28,-0.12195878136200716,2721546.8334673718
2022-01-29,-0.12078297491039426,3840523.383595067
2022-01-30,-0.11960716845878136,1920261.6917975335
2022-01-31,-0.11843136200716844,0.0
2022-02-01,-0.11725555555555554,58084052.63634515
2022-02-02,-0.11590861344537814,116168105.2726903
2022-02-03,-0.11456167133520073,116119399.24853246
2022-02-04,-0.11321472922502333,116070693.22437462
2022-02-05,-0.11186778711484592,116021987.2002168
2022-02-06,-0.11052084500466852,115973281.17605896
2022-02-07,-0.10917390289449112,115924575.15190113
2022-02-08,-0.10782696078431371,2726560.799557556
2022-02-09,-0.10648001867413631,6048732.8251816705
2022-02-10,-0.1051330765639589,9370904.850805784
2022-02-11,-0.1037861344537815,57824969.58524614
2022-02-12,-0.1024391923436041,106279034.3196865
2022-02-13,-0.10109225023342669,4062199.2179693487
2022-02-14,-0.09974530812324929,10778496.346402995
2022-02-15,-0.09839836601307189,17494793.47483664
2022-02-16,-0.09705142390289448,66471920.36629736
2022-02-17,-0.09570448179271708,115449047.25775808
2022-02-18,-0.09435753968253967,81419474.06774446
2022-02-19,-0.09301059757236227,47389900.87773083
2022-02-20,-0.09166365546218486,13360327.687717212
2022-02-21,-0.09031671335200746,36425620.138194434
2022-02-22,-0.08896977124183006,59490912.588671654
2022-02-23,-0.08762282913165265,50250351.106861465
2022-02-24,-0.08627588702147525,41009789.625051275
2022-02-25,-0.08492894491129785,31769228.143241085
2022-02-26,-0.08358200280112044,22528666.661430895
2022-02-27,-0.08223506069094304,13288105.179620706
2022-02-28,-0.08088811858076564,4047543.6978105144
2022-03-01,-0.07954117647058823,10736513.726731485
2022-03-02,-0.07986207041956567,17425483.755652454
2022-03-03,-0.08018296436854311,12523236.389815345
2022-03-04,-0.08050385831752055,7620989.023978239
2022-03-05,-0.08082475226649799,2718741.6581411334
2022-03-06,-0.08114564621547543,3391137.6589915566
2022-03-07,-0.08146654016445287,4063533.65984198
2022-03-08,-0.08178743411343031,4074150.698816717
2022-03-09,-0.08210832806240775,4084767.7377914544
2022-03-10,-0.0824292220113852,4095384.7767661917
2022-03-11,-0.08275011596036264,16031065.58913151
2022-03-12,-0.08307100990934008,27966746.401496828
2022-03-13,-0.08339190385831752,39902427.21386214
2022-03-14,-0.08371279780729496,51838108.02622746
2022-03-15,-0.0840336917562724,63773788.838592775
2022-03-16,-0.08435458570524984,75709469.6509581
2022-03-17,-0.08467547965422728,87645150.46332341
2022-03-18,-0.08499637360320472,99580831.27568874
2022-03-19,-0.08531726755218216,111516512.08805406
2022-03-20,-0.0856381615011596,101631634.05916533
2022-03-21,-0.08595905545013705,91746756.0302766
2022-03-22,-0.08627994939911449,81861878.00138786
2022-03-23,-0.08660084334809193,71976999.97249913
2022-03-24,-0.08692173729706937,62092121.94361041
2022-03-25,-0.08724263124604681,52207243.91472168
2022-03-26,-0.08756352519502425,42322365.88583295
2022-03-27,-0.08788441914400169,32437487.85694422
2022-03-28,-0.08820531309297913,22552609.828055486
2022-03-29,-0.08852620704195657,12667731.799166754
2022-03-30,-0.08884710099093401,2782853.7702780343
2022-03-31,-0.08916799493991145,2766803.3909470513
2022-04-01,-0.0894888888888889,2750753.011616068
2022-04-02,-0.08935907407407408,17968317.99247661
2022-04-03,-0.08922925925925927,33185882.97333715
2022-04-04,-0.08909944444444445,48403447.95419769
2022-04-05,-0.08896962962962963,63621012.93505823
2022-04-06,-0.08883981481481482,78838577.91591877
2022-04-07,-0.08871000000000001,94056142.89677931
2022-04-08,-0.08858018518518519,109273707.87763985
2022-04-09,-0.08845037037037037,4134331.670468081
2022-04-10,-0.08832055555555555,3432299.5006428445
2022-04-11,-0.08819074074074075,2730267.330817608
2022-04-12,-0.08806092592592593,3206036.74223605
2022-04-13,-0.08793111111111111,3681806.153654491
2022-04-14,-0.0878012962962963,4157575.5650729327
2022-04-15,-0.08767148148148149,9289745.649403112
2022-04-16,-0.08754166666666667,14421915.73373329
2022-04-17,-0.08741185185185185,53347104.18808291
2022-04-18,-0.08728203703703705,92272292.64243254
2022-04-19,-0.08715222222222223,62892257.51949938
2022-04-20,-0.08702240740740741,33512222.396566212
2022-04-21,-0.08689259259259259,4132187.273633053
2022-04-22,-0.08676277777777779,6946655.062629989
2022-04-23,-0.08663296296296297,9761122.851626925
2022-04-24,-0.08650314814814815,12575590.640623862
2022-04-25,-0.08637333333333333,15390058.429620799
2022-04-26,-0.08624351851851852,18204526.218617734
2022-04-27,-0.0861137037037037,21018994.00761467
2022-04-28,-0.08598388888888889,23833461.796611607
2022-04-29,-0.08585407407407408,19458110.002192967
2022-04-30,-0.08572425925925926,15082758.207774328
2022-05-01,-0.08559444444444445,10707406.41335569
2022-05-02,-0.0861747311827957,8496594.165087413
2022-05-03,-0.08675501792114695,6285781.916819136
2022-05-04,-0.08733530465949821,4074969.668550859
2022-05-05,-0.08791559139784946,10853898.413248338
2022-05-06,-0.08849587813620072,17632827.15794582
2022-05-07,-0.08907616487455197,66867987.14498975
2022-05-08,-0.08965645161290323,116103147.13203369
2022-05-09,-0.09023673835125448,4183450.5556053026
2022-05-10,-0.09081702508960574,4139106.1811921373
2022-05-11,-0.09139731182795699,4094761.8067789725
2022-05-12,-0.09197759856630824,59997941.60662157
2022-05-13,-0.0925578853046595,115901121.40646416
2022-05-14,-0.09313817204301075,1349785.5547018617
2022-05-15,-0.09371845878136201,9519255.242266607
2022-05-16,-0.09429874551971326,17688724.929831352
2022-05-17,-0.09487903225806452,66374890.78719501
2022-05-18,-0.09545931899641577,115061056.64455868
2022-05-19,-0.09603960573476703,1351386.7606955138
2022-05-20,-0.09661989247311828,29898461.288390193
2022-05-21,-0.09720017921146953,58445535.81608488
2022-05-22,-0.09778046594982079,86992610.34377956
2022-05-23,-0.09836075268817204,115539684.87147424
2022-05-24,-0.0989410394265233,1343380.7729940978
2022-05-25,-0.09952132616487455,8830020.287213493
2022-05-26,-0.1001016129032258,16316659.801432889
2022-05-27,-0.10068189964157706,16559844.244610906
2022-05-28,-0.10126218637992832,16803028.687788922
2022-05-29,-0.10184247311827957,17046213.13096694
2022-05-30,-0.10242275985663082,17289397.574144956
2022-05-31,-0.10300304659498208,17532582.017322972
2022-06-01,-0.10358333333333333,11851723.88118653
2022-06-02,-0.10365296296296296,6170865.745050088
2022-06-03,-0.10372259259259259,490007.608913646
2022-06-04,-0.10379222222222222,9019492.974739403
2022-06-05,-0.10386185185185186,17548978.34056516
2022-06-06,-0.10393148148148149,65807764.74803403
2022-06-07,-0.10400111111111111,114066551.1555029
2022-06-08,-0.10407074074074074,1340765.4915630268
2022-06-09,-0.10414037037037037,4666632.842407586
2022-06-10,-0.10421,7992500.193252144
2022-06-11,-0.10427962962962962,31435764.5157895
2022-06-12,-0.10434925925925925,54879028.83832686
2022-06-13,-0.1044188888888889,55643740.7075761
2022-06-14,-0.10448851851851852,56408452.57682535
2022-06-15,-0.10455814814814815,57173164.44607459
2022-06-16,-0.10462777777777778,57937876.31532384
2022-06-17,-0.1046974074074074,58702588.184573084
2022-06-18,-0.10476703703703703,39539368.411031574
2022-06-19,-0.10483666666666666,20376148.63749007
2022-06-20,-0.1049062962962963,1212928.863948568
2022-06-21,-0.10497592592592593,18326173.92188757
2022-06-22,-0.10504555555555556,35439418.97982657
2022-06-23,-0.10511518518518519,1327304.4537343944
2022-06-24,-0.10518481481481481,9109441.900933957
2022-06-25,-0.10525444444444444,16891579.34813352
2022-06-26,-0.10532407407407407,64774356.09337082
2022-06-27,-0.1053937037037037,112657132.83860812
2022-06-28,-0.10546333333333334,1323552.638169472
2022-06-29,-0.10553296296296297,9302557.476574048
2022-06-30,-0.1056025925925926,17281562.314978626
2022-07-01,-0.10567222222222222,64610728.333483234
2022-07-02,-0.10592293906810035,111939894.35198785
2022-07-03,-0.1061736559139785,77930119.40608868
2022-07-04,-0.10642437275985663,43920344.46018952
2022-07-05,-0.10667508960573477,9910569.514290364
2022-07-06,-0.1069258064516129,60682466.953279406
2022-07-07,-0.10717652329749104,111454364.39226845
2022-07-08,-0.10742724014336917,1329015.5442184152
2022-07-09,-0.10767795698924731,7252751.977415436
2022-07-10,-0.10792867383512544,13176488.410612457
2022-07-11,-0.10817939068100359,38557409.103125125
2022-07-12,-0.10843010752688172,63938329.7956378
2022-07-13,-0.10868082437275985,1320358.0930597046
2022-07-14,-0.10893154121863799,7249407.287606093
2022-07-15,-0.10918225806451612,13178456.48215248
2022-07-16,-0.10943297491039426,62076400.514369205
2022-07-17,-0.10968369175627239,110974344.54658593
2022-07-18,-0.10993440860215054,82722968.23667233
2022-07-19,-0.11018512544802866,54471591.926758714
2022-07-20,-0.11043584229390681,26220215.6168451
2022-07-21,-0.11068655913978494,68420161.09639451
2022-07-22,-0.11093727598566308,110620106.57594393
2022-07-23,-0.11118799283154121,75921685.26683943
2022-07-24,-0.11143870967741934,41223263.95773493
2022-07-25,-0.11168942652329748,6524842.648630418
2022-07-26,-0.11194014336917561,58294650.29604446
2022-07-27,-0.11219086021505376,110064457.9434585
2022-07-28,-0.11244157706093189,1318847.9484510238
2022-07-29,-0.11269229390681003,12392200.18761106
2022-07-30,-0.11294301075268816,23465552.426771097
2022-07-31,-0.1131937275985663,66467565.54350341
2022-08-01,-0.11344444444444443,109469578.66023573
2022-08-02,-0.11347491039426522,1332508.33773708
2022-08-03,-0.11350537634408601,7175457.515317669
2022-08-04,-0.1135358422939068,13018406.692898259
2022-08-05,-0.11356630824372758,61085035.32290909
2022-08-06,-0.11359677419354838,109151663.95291992
2022-08-07,-0.11362724014336917,1305412.0383392936
2022-08-08,-0.11365770609318995,12274163.158661366
2022-08-09,-0.11368817204301075,23242914.27898344
2022-08-10,-0.11371863799283154,65691517.02199231
2022-08-11,-0.11374910394265232,108140119.76500118
2022-08-12,-0.11377956989247312,1278182.2812173285
2022-08-13,-0.1138100358422939,1282464.7048826334
2022-08-14,-0.11384050179211469,1286747.128547938
2022-08-15,-0.11387096774193549,54707285.300889224
2022-08-16,-0.11390143369175627,108127823.47323051
2022-08-17,-0.11393189964157706,3935817.925016277
2022-08-18,-0.11396236559139784,14846957.982022813
2022-08-19,-0.11399283154121864,25758098.03902935
2022-08-20,-0.11402329749103943,56174860.605907366
2022-08-21,-0.11405376344086021,86591623.17278539
2022-08-22,-0.11408422939068101,3870478.2754552513
2022-08-23,-0.1141146953405018,29537294.8750889
2022-08-24,-0.11414516129032258,55204111.47472255
2022-08-25,-0.11417562724014338,80870928.0743562
2022-08-26,-0.11420609318996416,106537744.67398985
2022-08-27,-0.11423655913978495,1289043.735562912
2022-08-28,-0.11426702508960575,27416985.506606113
2022-08-29,-0.11429749103942653,53544927.27764931
2022-08-30,-0.11432795698924732,79672869.04869251
2022-08-31,-0.11435842293906812,105800810.8197357
2022-09-01,-0.1143888888888889,71836835.01522791
2022-09-02,-0.11652870370370372,37872859.21072011
2022-09-03,-0.11866851851851853,3908883.406212303
2022-09-04,-0.12080833333333335,54464231.32143736
2022-09-05,-0.12294814814814817,105019579.23666242
2022-09-06,-0.12508796296296298,75556211.82735015
2022-09-07,-0.1272277777777778,46092844.41803789
2022-09-08,-0.12936759259259262,16629477.008725632
2022-09-09,-0.1315074074074074,38786723.81189211
2022-09-10,-0.13364722222222225,60943970.615058586
2022-09-11,-0.13578703703703704,1279783.4774453558
2022-09-12,-0.13792685185185186,2573129.384135467
2022-09-13,-0.14006666666666667,3866475.2908255784
2022-09-14,-0.1422064814814815,18964386.889535524
2022-09-15,-0.1443462962962963,34062298.48824547
2022-09-16,-0.14648611111111112,9338240.176582132
2022-09-17,-0.14862592592592594,5470460.272428447
2022-09-18,-0.15076574074074076,1602680.368274764
2022-09-19,-0.15290555555555557,4022961.388511844
2022-09-20,-0.1550453703703704,6443242.408748924
2022-09-21,-0.1571851851851852,8863523.428986004
2022-09-22,-0.15932500000000002,11283804.449223083
2022-09-23,-0.16146481481481484,13704085.469460161
2022-09-24,-0.16360462962962963,11730979.34843398
2022-09-25,-0.16574444444444447,9757873.227407802
2022-09-26,-0.16788425925925926,7784767.106381621
2022-09-27,-0.1700240740740741,5811660.9853554405
2022-09-28,-0.1721638888888889,3838554.86432926
2022-09-29,-0.1743037037037037,3762089.4918163824
2022-09-30,-0.17644351851851853,3685624.119303505
2022-10-01,-0.17858333333333334,3609158.746790628
2022-10-02,-0.17759820788530467,3532693.3742777505
2022-10-03,-0.176613082437276,3456228.001764873
2022-10-04,-0.17562795698924732,52877841.77820639
2022-10-05,-0.17464283154121865,102299455.55464792
2022-10-06,-0.17365770609318998,90763130.02147497
2022-10-07,-0.1726725806451613,79226804.488302
2022-10-08,-0.17168745519713263,67690478.95512906
2022-10-09,-0.17070232974910396,56154153.4219561
2022-10-10,-0.1697172043010753,44617827.88878314
2022-10-11,-0.1687320788530466,33081502.35561019
2022-10-12,-0.16774695340501794,21545176.822437227
2022-10-13,-0.16676182795698927,10008851.289264273
2022-10-14,-0.1657767025089606,9224601.02600057
2022-10-15,-0.16479157706093192,8440350.762736868
2022-10-16,-0.16380645161290325,7656100.499473167
2022-10-17,-0.16282132616487455,6871850.236209465
2022-10-18,-0.1618362007168459,6087599.972945763
2022-10-19,-0.1608510752688172,5303349.70968206
2022-10-20,-0.15986594982078853,4519099.446418359
2022-10-21,-0.15888082437275985,3734849.1831546566
2022-10-22,-0.15789569892473118,2479319.7461226527
2022-10-23,-0.1569105734767025,1223790.3090906483
2022-10-24,-0.15592544802867384,1361338.2339050693
2022-10-25,-0.15494032258064516,1498886.1587194905
2022-10-26,-0.1539551971326165,1636434.0835339115
2022-10-27,-0.15297007168458782,2644980.737471995
2022-10-28,-0.15198494623655914,3653527.391410079
2022-10-29,-0.15099982078853047,3655971.5240785284
2022-10-30,-0.1500146953405018,3658415.6567469784
2022-10-31,-0.14902956989247312,3660859.789415428
2022-11-01,-0.14804444444444445,7945660.620941998
2022-11-02,-0.14699943355119827,12230461.45246857
2022-11-03,-0.14595442265795208,55686616.103668526
2022-11-04,-0.1449094117647059,99142770.75486848
2022-11-05,-0.1438644008714597,3689686.035869644
2022-11-06,-0.1428193899782135,9843002.64832249
2022-11-07,-0.14177437908496732,15996319.260775335
2022-11-08,-0.14072936819172113,15156039.64849303
2022-11-09,-0.13968435729847495,14315760.036210723
2022-11-10,-0.13863934640522876,3694889.892437027
2022-11-11,-0.13759433551198258,8243255.965862199
2022-11-12,-0.1365493246187364,12791622.03928737
2022-11-13,-0.1355043137254902,52167867.506923616
2022-11-14,-0.134459302832244,91544112.97455987
2022-11-15,-0.13341429193899781,3662035.627893067
2022-11-16,-0.13236928104575163,3672152.21627694
2022-11-17,-0.13132427015250545,3682268.804660813
2022-11-18,-0.13027925925925926,3682739.7240359248
2022-11-19,-0.12923424836601308,3683210.643411036
2022-11-20,-0.1281892374727669,3683681.562786148
2022-11-21,-0.1271442265795207,3677971.46976474
2022-11-22,-0.12609921568627452,3672261.376743332
2022-11-23,-0.1250542047930283,3668012.9602735736
2022-11-24,-0.12400919389978213,3663764.543803815
2022-11-25,-0.12296418300653594,3659516.1273340564
2022-11-26,-0.12191917211328976,9709188.791978663
2022-11-27,-0.12087416122004357,15758861.45662327
2022-11-28,-0.11982915032679739,56579784.23771185
2022-11-29,-0.1187841394335512,97400707.01880042
2022-11-30,-0.11773912854030501,1234388.0144100415
2022-12-01,-0.11669411764705882,5777274.916594592
2022-12-02,-0.11735703141471643,10320161.818779143
2022-12-03,-0.11801994518237402,14863048.720963694
2022-12-04,-0.11868285895003163,19405935.623148244
2022-12-05,-0.11934577271768923,17136399.480620097
2022-12-06,-0.12000868648534682,14866863.338091955
2022-12-07,-0.12067160025300443,12597327.195563808
2022-12-08,-0.12133451402066203,10327791.053035663
2022-12-09,-0.12199742778831962,8058254.910507519
2022-12-10,-0.12266034155597723,5788718.767979372
2022-12-11,-0.12332325532363483,3519182.6254512277
2022-12-12,-0.12398616909129243,1249646.4829230818
2022-12-13,-0.12464908285895003,1740549.459588408
2022-12-14,-0.12531199662660764,2231452.4362537344
2022-12-15,-0.12597491039426523,2722355.4129190603
2022-12-16,-0.12663782416192285,3213258.3895843867
2022-12-17,-0.12730073792958044,3704161.366249713
2022-12-18,-0.12796365169723803,27531155.51652156
2022-12-19,-0.12862656546489565,51358149.6667934
2022-12-20,-0.12928947923255324,3711225.2445635637
2022-12-21,-0.12995239300021083,7360305.731747976
2022-12-22,-0.13061530676786845,11009386.218932386
2022-12-23,-0.13127822053552604,59607912.370936334
2022-12-24,-0.13194113430318363,108206438.52294028
2022-12-25,-0.13260404807084125,3688455.343896485
2022-12-26,-0.13326696183849884,3688259.9080478447
2022-12-27,-0.13392987560615643,3688064.472199204
2022-12-28,-0.13459278937381405,56202160.77560832
2022-12-29,-0.13525570314147164,108716257.07901745
2022-12-30,-0.13591861690912924,3681676.898010255
2022-12-31,-0.13658153067678686,3677719.471810495
2023-01-01,-0.13724444444444445,3673762.045610735
2023-01-02,-0.1365416824794434,28303436.93880388
2023-01-03,-0.13583892051444232,52933111.83199702
2023-01-04,-0.13513615854944128,41200769.35868287
2023-01-05,-0.13443339658444023,29468426.885368716
2023-01-06,-0.13373063461943918,17736084.41205456
2023-01-07,-0.1330278726544381,17408093.45841681
2023-01-08,-0.13232511068943706,17080102.504779056
2023-01-09,-0.131622348724436,3678877.899700211
2023-01-10,-0.13091958675943496,16060512.260550259
2023-01-11,-0.1302168247944339,28442146.621400304
2023-01-12,-0.12951406282943284,40823780.98225035
2023-01-13,-0.1288113008644318,53205415.3431004
2023-01-14,-0.12810853889943075,3673239.2209581565
2023-01-15,-0.12740577693442967,3666145.3294293573
2023-01-16,-0.12670301496942862,3659051.4379005586
2023-01-17,-0.12600025300442758,3659467.9329780135
2023-01-18,-0.12529749103942653,3659884.428055468
2023-01-19,-0.12459472907442547,3660300.923132923
2023-01-20,-0.1238919671094244,3632972.4177670954
2023-01-21,-0.12318920514442336,3605643.9124012673
2023-01-22,-0.1224864431794223,57026222.22637882
2023-01-23,-0.12178368121442125,110446800.54035638
2023-01-24,-0.12108091924942019,1234973.5651977542
2023-01-25,-0.12037815728441914,9527920.462961592
2023-01-26,-0.11967539531941808,17820867.36072543
2023-01-27,-0.11897263335441702,13104192.279879779
2023-01-28,-0.11826987138941597,8387517.199034128
2023-01-29,-0.11756710942441492,3670842.1181884776
2023-01-30,-0.11686434745941386,8887157.556655105
2023-01-31,-0.1161615854944128,14103472.995121732
2023-02-01,-0.11545882352941175,62527179.29938657
2023-02-02,-0.11380473856209149,110950885.6036514
2023-02-03,-0.11215065359477124,3669240.9671264654
2023-02-04,-0.11049656862745097,10736257.190949623
2023-02-05,-0.1088424836601307,17803273.41477278
2023-02-06,-0.10718839869281045,37273508.76701441
2023-02-07,-0.10553431372549019,56743744.119256034
2023-02-08,-0.10388022875816993,3694089.240520523
2023-02-09,-0.10222614379084967,7254567.881770147
2023-02-10,-0.1005720588235294,10815046.523019772
2023-02-11,-0.09891797385620915,14375525.164269395
2023-02-12,-0.09726388888888889,17936003.80551902
2023-02-13,-0.09560980392156862,15586775.3874568
2023-02-14,-0.09395571895424837,13237546.969394583
2023-02-15,-0.0923016339869281,10888318.551332364
2023-02-16,-0.09064754901960784,8539090.133270146
2023-02-17,-0.08899346405228759,6189861.715207929
2023-02-18,-0.08733937908496732,3840633.2971457094
2023-02-19,-0.08568529411764705,3875463.245472329
2023-02-20,-0.0840312091503268,3910293.193798949
2023-02-21,-0.08237712418300654,53648040.11264646
2023-02-22,-0.08072303921568627,103385787.03149396
2023-02-23,-0.07906895424836602,2861853.62472199
2023-02-24,-0.07741486928104577,2782706.500825351
2023-02-25,-0.07576078431372549,2703559.376928712
2023-02-26,-0.07410669934640524,2991469.1897210423
2023-02-27,-0.07245261437908498,3279379.002513373
2023-02-28,-0.0707985294117647,3567288.8153057033
2023-03-01,-0.06914444444444445,2424673.484261667
2023-03-02,-0.06947706093189965,1282058.1532176302
2023-03-03,-0.06980967741935484,2181229.2189251673
2023-03-04,-0.07014229390681004,3080400.284632704
2023-03-05,-0.07047491039426525,3979571.3503402416
2023-03-06,-0.07080752688172044,3974917.706293982
2023-03-07,-0.07114014336917564,3970264.0622477224
2023-03-08,-0.07147275985663083,3976395.1533955904
2023-03-09,-0.07180537634408603,3982526.2445434583
2023-03-10,-0.07213799283154122,3988657.3356913263
2023-03-11,-0.07247060931899642,10988012.935221296
2023-03-12,-0.07280322580645161,17987368.534751263
2023-03-13,-0.07313584229390682,27344214.87083154
2023-03-14,-0.07346845878136202,36701061.20691182
2023-03-15,-0.07380107526881721,51926365.83340944
2023-03-16,-0.07413369175627241,67151670.45990707
2023-03-17,-0.0744663082437276,82376975.0864047
2023-03-18,-0.0747989247311828,97602279.71290232
2023-03-19,-0.07513154121863799,112827584.33939995
2023-03-20,-0.07546415770609319,3983717.181480738
2023-03-21,-0.0757967741935484,18645551.603632856
2023-03-22,-0.07612939068100359,33307386.025784973
2023-03-23,-0.07646200716845879,47969220.447937086
2023-03-24,-0.07679462365591398,62631054.8700892
2023-03-25,-0.07712724014336918,3951010.4615723863
2023-03-26,-0.07745985663082437,8995278.462067189
2023-03-27,-0.07779247311827957,14039546.462561991
2023-03-28,-0.07812508960573478,16644476.582008991
2023-03-29,-0.07845770609318997,19249406.70145599
2023-03-30,-0.07879032258064517,3774566.75446562
2023-03-31,-0.07912293906810036,3846745.2928423123
2023-04-01,-0.07945555555555556,3918923.8312190045
2023-04-02,-0.07976851851851852,58479390.71544634
2023-04-03,-0.08008148148148149,113039857.59967367
2023-04-04,-0.08039444444444445,78406112.33809331
2023-04-05,-0.08070740740740741,43772367.07651293
2023-04-06,-0.08102037037037037,9138621.814932557
2023-04-07,-0.08133333333333334,53880010.57098637
2023-04-08,-0.0816462962962963,98621399.32704018
2023-04-09,-0.08195925925925926,71679495.6378532
2023-04-10,-0.08227222222222222,44737591.94866622
2023-04-11,-0.08258518518518519,17795688.259479236
2023-04-12,-0.08289814814814815,18605121.94239879
2023-04-13,-0.08321111111111111,19414555.625318345
2023-04-14,-0.08352407407407407,3980178.8756366814
2023-04-15,-0.08383703703703704,3970964.1773299286
2023-04-16,-0.08415,3961749.4790231753
2023-04-17,-0.08446296296296296,57915911.77514855
2023-04-18,-0.08477592592592592,111870074.07127392
2023-04-19,-0.0850888888888889,93886042.7029582
2023-04-20,-0.08540185185185185,75902011.33464247
2023-04-21,-0.08571481481481481,57917979.96632676
2023-04-22,-0.08602777777777779,39933948.59801103
2023-04-23,-0.08634074074074075,21949917.229695305
2023-04-24,-0.0866537037037037,3965885.861379587
2023-04-25,-0.08696666666666666,10928020.105046112
2023-04-26,-0.08727962962962964,17890154.348712634
2023-04-27,-0.0875925925925926,12404261.118212469
2023-04-28,-0.08790555555555556,6918367.8877123045
2023-04-29,-0.08821851851851853,4015968.217662976
2023-04-30,-0.08853148148148149,9599246.199905153
2023-05-01,-0.08884444444444445,15182524.182147333
2023-05-02,-0.08935017921146954,10558276.907548413
2023-05-03,-0.08985591397849463,5934029.63294949
2023-05-04,-0.09036164874551972,1309782.358350567
2023-05-05,-0.09086738351254481,15143031.736569094
2023-05-06,-0.0913731182795699,28976281.11478762
2023-05-07,-0.09187885304659499,69564766.16051075
2023-05-08,-0.09238458781362008,110153251.20623389
2023-05-09,-0.09289032258064517,3942340.4588548862
2023-05-10,-0.09339605734767026,3934631.9999754075
2023-05-11,-0.09390179211469535,3926923.541095929
2023-05-12,-0.09440752688172044,10213842.15757662
2023-05-13,-0.09491326164874553,16500760.77405731
2023-05-14,-0.09541899641577062,3916387.03617853
2023-05-15,-0.09592473118279571,8935146.070552513
2023-05-16,-0.0964304659498208,13953905.104926493
2023-05-17,-0.09693620071684589,10602103.108455203
2023-05-18,-0.09744193548387098,7250301.111983914
2023-05-19,-0.09794767025089607,3898499.1155126244
2023-05-20,-0.09845340501792114,3289684.437351697
2023-05-21,-0.09895913978494623,2680869.75919077
2023-05-22,-0.09946487455197132,2072055.0810298426
2023-05-23,-0.09997060931899641,1463240.4028689153
2023-05-24,-0.1004763440860215,854425.7247079883
2023-05-25,-0.1009820788530466,3835568.7813073844
2023-05-26,-0.10148781362007168,6816711.837906781
2023-05-27,-0.10199354838709677,7104082.469670313
2023-05-28,-0.10249928315412186,7391453.101433847
2023-05-29,-0.10300501792114695,7678823.73319738
2023-05-30,-0.10351075268817204,7966194.364960913
2023-05-31,-0.10401648745519713,8253564.996724446
2023-06-01,-0.10452222222222222,9413556.830504246
2023-06-02,-0.10458111111111111,10573548.664284045
2023-06-03,-0.10464,11733540.498063844
2023-06-04,-0.1046988888888889,12893532.331843643
2023-06-05,-0.10475777777777778,14053524.165623441
2023-06-06,-0.10481666666666667,13128699.548873529
2023-06-07,-0.10487555555555556,12203874.932123614
2023-06-08,-0.10493444444444444,11279050.315373702
2023-06-09,-0.10499333333333334,10354225.698623788
2023-06-10,-0.10505222222222223,9429401.081873875
2023-06-11,-0.10511111111111111,8325142.761206079
2023-06-12,-0.10517,7220884.4405382825
2023-06-13,-0.10522888888888889,6116626.119870486
2023-06-14,-0.10528777777777779,5012367.79920269
2023-06-15,-0.10534666666666667,3908109.478534894
2023-06-16,-0.10540555555555556,57204700.02761347
2023-06-17,-0.10546444444444444,110501290.57669204
2023-06-18,-0.10552333333333333,110508117.91472954
2023-06-19,-0.10558222222222223,110514945.25276703
2023-06-20,-0.10564111111111112,110521772.5908045
2023-06-21,-0.1057,110528599.928842
2023-06-22,-0.10575888888888889,110535427.26687948
2023-06-23,-0.10581777777777777,1287657.5973423382
2023-06-24,-0.10587666666666667,9444245.898228245
2023-06-25,-0.10593555555555556,17600834.19911415
2023-06-26,-0.10599444444444445,63908068.61940291
2023-06-27,-0.10605333333333333,110215303.03969167
2023-06-28,-0.10611222222222222,1302435.689326268
2023-06-29,-0.10617111111111112,9471581.87901324
2023-06-30,-0.10623,17640728.068700213
2023-07-01,-0.10628888888888889,63795123.15893294
2023-07-02,-0.10626164874551972,109949518.24916565
2023-07-03,-0.10623440860215054,1289757.9917620493
2023-07-04,-0.10620716845878136,6035526.526501166
2023-07-05,-0.10617992831541219,10781295.061240282
2023-07-06,-0.10615268817204301,60286036.32764499
2023-07-07,-0.10612544802867384,109790777.59404969
2023-07-08,-0.10609820788530466,1296467.3154259778
2023-07-09,-0.10607096774193549,8633695.44137986
2023-07-10,-0.10604372759856631,15970923.567333743
2023-07-11,-0.10601648745519714,62526903.98856124
2023-07-12,-0.10598924731182796,109082884.40978874
2023-07-13,-0.10596200716845879,76269034.01924603
2023-07-14,-0.10593476702508961,43455183.62870332
2023-07-15,-0.10590752688172043,10641333.238160616
2023-07-16,-0.10588028673835126,59230033.316242725
2023-07-17,-0.10585304659498208,107818733.39432482
2023-07-18,-0.10582580645161291,2659883.4937707046
2023-07-19,-0.10579856630824373,10013427.458680276
2023-07-20,-0.10577132616487456,17366971.423589848
2023-07-21,-0.10574408602150538,11998837.827680599
2023-07-22,-0.1057168458781362,6630704.231771352
2023-07-23,-0.10568960573476703,1262570.635862104
2023-07-24,-0.10566236559139786,9317026.549320595
2023-07-25,-0.10563512544802868,17371482.462779086
2023-07-26,-0.1056078853046595,61627230.26616661
2023-07-27,-0.10558064516129033,105882978.06955414
2023-07-28,-0.10555340501792115,3818505.2529558977
2023-07-29,-0.10552616487455198,8681222.381303255
2023-07-30,-0.1054989247311828,13543939.509650614
2023-07-31,-0.10547168458781363,59240814.54639284
2023-08-01,-0.10544444444444445,104937689.58313507
2023-08-02,-0.10564390681003585,1263371.235471479
2023-08-03,-0.10584336917562724,9312188.369721955
2023-08-04,-0.10604283154121864,17361005.50397243
2023-08-05,-0.10624229390681005,60878601.30663872
2023-08-06,-0.10644175627240145,104396197.10930501
2023-08-07,-0.10664121863799284,104413245.82107036
2023-08-08,-0.10684068100358424,104430294.53283572
2023-08-09,-0.10704014336917564,104447343.24460107
2023-08-10,-0.10723960573476703,104464391.95636643
2023-08-11,-0.10743906810035843,104481440.66813178
2023-08-12,-0.10763853046594983,71900581.90063083
2023-08-13,-0.10783799283154122,39319723.13312989
2023-08-14,-0.10803745519713262,6738864.365628948
2023-08-15,-0.10823691756272402,10686871.594001025
2023-08-16,-0.10843637992831542,14634878.8223731
2023-08-17,-0.10863584229390681,1241725.2467041018
2023-08-18,-0.10883530465949821,2393011.4977038223
2023-08-19,-0.10903476702508962,3544297.748703542
2023-08-20,-0.109234229390681,53722444.7200427
2023-08-21,-0.1094336917562724,103900591.69138186
2023-08-22,-0.10963315412186381,1250961.966733686
2023-08-23,-0.10983261648745521,10518068.75469881
2023-08-24,-0.1100320788530466,19785175.54266393
2023-08-25,-0.110231541218638,34769645.289490536
2023-08-26,-0.1104310035842294,49754115.03631713
2023-08-27,-0.11063046594982079,1246161.5142915617
2023-08-28,-0.11082992831541219,9143766.608044254
2023-08-29,-0.11102939068100359,17041371.701796945
2023-08-30,-0.111228853046595,59767363.075848654
2023-08-31,-0.11142831541218638,102493354.44990036
2023-09-01,-0.11162777777777778,86029878.17029977
2023-09-02,-0.11164055555555556,69566401.8906992
2023-09-03,-0.11165333333333334,53102925.61109861
2023-09-04,-0.11166611111111112,36639449.33149803
2023-09-05,-0.1116788888888889,20175973.051897436
2023-09-06,-0.11169166666666668,3712496.7722968617
2023-09-07,-0.11170444444444445,10347120.987628832
2023-09-08,-0.11171722222222223,16981745.2029608
2023-09-09,-0.11173000000000001,59273662.626116246
2023-09-10,-0.11174277777777779,101565580.04927169
2023-09-11,-0.11175555555555557,3722003.516182934
2023-09-12,-0.11176833333333334,10352894.13322299
2023-09-13,-0.11178111111111112,16983784.750263046
2023-09-14,-0.1117938888888889,25752537.322454065
2023-09-15,-0.11180666666666668,34521289.89464508
2023-09-16,-0.11181944444444444,965732.4523551192
2023-09-17,-0.11183222222222222,2325667.768520819
2023-09-18,-0.111845,3685603.0846865196
2023-09-19,-0.11185777777777778,52638000.51873469
2023-09-20,-0.11187055555555556,101590397.95278287
2023-09-21,-0.11188333333333333,3684375.4681177484
2023-09-22,-0.11189611111111111,10253144.713052306
2023-09-23,-0.11190888888888889,16821913.957986865
2023-09-24,-0.11192166666666667,58147716.755999774
2023-09-25,-0.11193444444444445,99473519.55401269
2023-09-26,-0.11194722222222223,1234384.8724002617
2023-09-27,-0.11196,8994478.601381011
2023-09-28,-0.11197277777777778,16754572.330361761
2023-09-29,-0.11198555555555556,57905626.338556774
2023-09-30,-0.11199833333333334,99056680.34675178
2023-10-01,-0.11201111111111112,3650317.1349393968
2023-10-02,-0.11210985663082437,3644869.177684051
2023-10-03,-0.11220860215053764,3639421.2204287057
2023-10-04,-0.1123073476702509,6251012.518839374
2023-10-05,-0.11240609318996417,8862603.817250043
2023-10-06,-0.11250483870967742,11474195.11566071
2023-10-07,-0.11260358422939068,14085786.41407138
2023-10-08,-0.11270232974910395,16697377.712482048
2023-10-09,-0.1128010752688172,57694119.3866247
2023-10-10,-0.11289982078853046,98690861.06076735
2023-10-11,-0.11299856630824373,3635970.7313607023
2023-10-12,-0.11309731182795699,14210013.311873855
2023-10-13,-0.11319605734767026,24784055.89238701
2023-10-14,-0.11329480286738351,35358098.47290016
2023-10-15,-0.11339354838709677,45932141.05341332
2023-10-16,-0.11349229390681004,31029318.754583314
2023-10-17,-0.1135910394265233,16126496.455753308
2023-10-18,-0.11368978494623656,1223674.156923302
2023-10-19,-0.11378853046594982,2018316.022054675
2023-10-20,-0.11388727598566308,2812957.887186048
2023-10-21,-0.11398602150537634,3607599.752317421
2023-10-22,-0.1140847670250896,14188233.518223904
2023-10-23,-0.11418351254480286,24768867.284130387
2023-10-24,-0.11428225806451613,35349501.05003687
2023-10-25,-0.11438100358422938,45930134.81594335
2023-10-26,-0.11447974910394265,3617178.606388706
2023-10-27,-0.11457849462365591,2869303.0096761063
2023-10-28,-0.11467724014336916,2121427.412963507
2023-10-29,-0.11477598566308243,2415628.7362763523
2023-10-30,-0.11487473118279569,2709830.059589197
2023-10-31,-0.11497347670250896,3004031.382902042
2023-11-01,-0.11507222222222221,3298232.706214887
2023-11-02,-0.11386703703703703,3592434.0295277317
2023-11-03,-0.11266185185185185,24777637.688819982
2023-11-04,-0.11145666666666666,45962841.34811223
2023-11-05,-0.11025148148148148,3588085.542815325
2023-11-06,-0.1090462962962963,10052534.731241263
2023-11-07,-0.10784111111111111,16516983.919667203
2023-11-08,-0.10663592592592593,13451369.954821035
2023-11-09,-0.10543074074074074,10385755.989974868
2023-11-10,-0.10422555555555556,7320142.025128702
2023-11-11,-0.10302037037037037,4254528.060282534
2023-11-12,-0.10181518518518519,1188914.0954363658
2023-11-13,-0.10061,26739876.57188184
2023-11-14,-0.09940481481481481,52290839.04832731
2023-11-15,-0.09819962962962964,1200857.0999236463
2023-11-16,-0.09699444444444444,8853564.962335624
2023-11-17,-0.09578925925925927,16506272.824747602
2023-11-18,-0.09458407407407407,57173972.9352204
2023-11-19,-0.0933788888888889,97841673.0456932
2023-11-20,-0.0921737037037037,3554424.3171405876
2023-11-21,-0.09096851851851853,2957330.8414817066
2023-11-22,-0.08976333333333333,2360237.3658228256
2023-11-23,-0.08855814814814815,49891532.11248425
2023-11-24,-0.08735296296296297,97422826.85914566
2023-11-25,-0.08614777777777778,3552703.837002744
2023-11-26,-0.0849425925925926,3559158.8921275428
2023-11-27,-0.08373740740740741,3565613.947252341
2023-11-28,-0.08253222222222223,24552916.57177084
2023-11-29,-0.08132703703703704,45540219.19628934
2023-11-30,-0.08012185185185186,30766152.713420182
2023-12-01,-0.07891666666666668,15992086.230551023
2023-12-02,-0.07855663082437277,1218019.7476818613
2023-12-03,-0.07819659498207886,1518334.914285922
2023-12-04,-0.07783655913978496,1818650.0808899829
2023-12-05,-0.07747652329749105,2118965.247494044
2023-12-06,-0.07711648745519714,2419280.4140981045
2023-12-07,-0.07675645161290323,2719595.580702165
2023-12-08,-0.07639641577060932,3019910.747306226
2023-12-09,-0.07603637992831543,3320225.913910287
2023-12-10,-0.07567634408602152,3620541.0805143476
2023-12-11,-0.0753163082437276,3609921.449232753
2023-12-12,-0.0749562724014337,3599301.817951158
2023-12-13,-0.07459623655913979,50339558.256947614
2023-12-14,-0.07423620071684589,97079814.69594407
2023-12-15,-0.07387616487455198,3594835.7127060844
2023-12-16,-0.07351612903225807,9370765.388791312
2023-12-17,-0.07315609318996416,15146695.064876538
2023-12-18,-0.07279605734767025,56508736.894743994
2023-12-19,-0.07243602150537634,97870778.72461145
2023-12-20,-0.07207598566308245,3626052.6372436536
2023-12-21,-0.07171594982078854,9972154.5706756
2023-12-22,-0.07135591397849463,16318256.50410755
2023-12-23,-0.07099587813620072,56378673.46397197
2023-12-24,-0.07063584229390682,96439090.4238364
2023-12-25,-0.07027580645161291,3624851.736364747
2023-12-26,-0.069915770609319,9409218.897369206
2023-12-27,-0.06955573476702509,15193586.058373664
2023-12-28,-0.06919569892473118,11336943.074742934
2023-12-29,-0.06883566308243727,7480300.091112205
2023-12-30,-0.06847562724014337,3623657.107481475
2023-12-31,-0.06811559139784946,8211682.062609623
2024-01-01,-0.06775555555555555,12799707.017737772
2024-01-02,-0.06829659498207885,54550105.80795415
2024-01-03,-0.06883763440860215,96300504.59817052
2024-01-04,-0.06937867383512544,3614049.931913848
2024-01-05,-0.06991971326164875,3608079.2640385656
2024-01-06,-0.07046075268817205,3602108.5961632826
2024-01-07,-0.07100179211469534,24386416.896628
2024-01-08,-0.07154283154121864,45170725.19709271
2024-01-09,-0.07208387096774194,3583927.1116304295
2024-01-10,-0.07262491039426523,3577522.3835513853
2024-01-11,-0.07316594982078853,3571117.6554723405
2024-01-12,-0.07370698924731182,4853276.707790432
2024-01-13,-0.07424802867383513,6135435.760108522
2024-01-14,-0.07478906810035843,7417594.812426614
2024-01-15,-0.07533010752688173,8699753.864744704
2024-01-16,-0.07587114695340502,9981912.917062795
2024-01-17,-0.07641218637992832,11264071.969380885
2024-01-18,-0.07695322580645161,12546231.021698976
2024-01-19,-0.07749426523297491,13828390.074017067
2024-01-20,-0.0780353046594982,15110549.126335157
2024-01-21,-0.07857634408602152,16392708.178653248
2024-01-22,-0.07911738351254481,56468806.55104994
2024-01-23,-0.07965842293906811,96544904.92344664
2024-01-24,-0.0801994623655914,69810667.68459296
2024-01-25,-0.0807405017921147,43076430.44573928
2024-01-26,-0.081281541218638,16342193.206885599
2024-01-27,-0.08182258064516129,12078627.155576136
2024-01-28,-0.0823636200716846,7815061.104266675
2024-01-29,-0.0829046594982079,3551495.0529572144
2024-01-30,-0.0834456989247312,26716481.083351858
2024-01-31,-0.08398673835125449,49881467.1137465
2024-02-01,-0.08452777777777779,73046453.14414114
2024-02-02,-0.08440593869731801,96211439.1745358
2024-02-03,-0.08428409961685825,1170500.3304734176
2024-02-04,-0.08416226053639847,12791439.84312224
2024-02-05,-0.08404042145593871,24412379.355771065
2024-02-06,-0.08391858237547893,36033318.868419886
2024-02-07,-0.08379674329501915,47654258.38106871
2024-02-08,-0.08367490421455939,40725178.47196583
2024-02-09,-0.08355306513409962,33796098.56286295
2024-02-10,-0.08343122605363985,26867018.65376006
2024-02-11,-0.08330938697318008,19937938.74465718
2024-02-12,-0.08318754789272031,13008858.835554298
2024-02-13,-0.08306570881226054,9492220.847413788
2024-02-14,-0.08294386973180076,5975582.859273276
2024-02-15,-0.082822030651341,2458944.8711327645
2024-02-16,-0.08270019157088122,47278679.329280205
2024-02-17,-0.08257835249042146,92098413.78742765
2024-02-18,-0.08245651340996168,3630311.684745879
2024-02-19,-0.08233467432950191,10235778.693958417
2024-02-20,-0.08221283524904215,16841245.70317095
2024-02-21,-0.08209099616858237,15039695.297966808
2024-02-22,-0.08196915708812261,13238144.892762665
2024-02-23,-0.08184731800766283,1735512.8183494422
2024-02-24,-0.08172547892720307,2735524.8387026326
2024-02-25,-0.08160363984674329,3735536.8590558227
2024-02-26,-0.08148180076628352,3738774.805185356
2024-02-27,-0.08135996168582375,3742012.7513148896
2024-02-28,-0.08123812260536398,3745250.697444423
2024-02-29,-0.08111628352490421,3743664.882231518
2024-03-01,-0.08099444444444444,3742079.067018613
2024-03-02,-0.08110179211469533,3740493.251805708
2024-03-03,-0.08120913978494623,3738907.436592803
2024-03-04,-0.08131648745519712,3737321.621379898
2024-03-05,-0.08142383512544803,8459292.637291703
2024-03-06,-0.08153118279569892,13181263.653203506
2024-03-07,-0.08163853046594982,11277128.925510181
2024-03-08,-0.08174587813620071,9372994.197816856
2024-03-09,-0.08185322580645162,7468859.470123529
2024-03-10,-0.0819605734767025,5564724.7424302045
2024-03-11,-0.08206792114695341,3660590.0147368787
2024-03-12,-0.0821752688172043,3224978.7678405363
2024-03-13,-0.08228261648745519,2789367.520944194
2024-03-14,-0.0823899641577061,2353756.2740478516
2024-03-15,-0.08249731182795698,6399137.471957996
2024-03-16,-0.08260465949820789,10444518.66986814
2024-03-17,-0.08271200716845878,8204145.991977986
2024-03-18,-0.08281935483870968,5963773.314087831
2024-03-19,-0.08292670250896057,3723400.636197678
2024-03-20,-0.08303405017921148,14911316.313802358
2024-03-21,-0.08314139784946237,26099231.991407037
2024-03-22,-0.08324874551971326,37287147.66901172
2024-03-23,-0.08335609318996416,48475063.346616395
2024-03-24,-0.08346344086021505,52881791.84584084
2024-03-25,-0.08357078853046596,57288520.34506529
2024-03-26,-0.08367813620071685,61695248.844289735
2024-03-27,-0.08378548387096775,66101977.34351419
2024-03-28,-0.08389283154121864,70508705.84273863
2024-03-29,-0.08400017921146954,74915434.34196308
2024-03-30,-0.08410752688172043,79322162.84118754
2024-03-31,-0.08421487455197134,83728891.34041198
2024-04-01,-0.08432222222222223,88135619.83963642
2024-04-02,-0.08441000000000001,92542348.33886087
2024-04-03,-0.08449777777777778,3747555.074849926
2024-04-04,-0.08458555555555557,2494128.4229970304
2024-04-05,-0.08467333333333334,1240701.7711441345
2024-04-06,-0.08476111111111112,4548646.378209492
2024-04-07,-0.08484888888888889,7856590.985274849
2024-04-08,-0.08493666666666667,11164535.592340209
2024-04-09,-0.08502444444444444,14472480.199405566
2024-04-10,-0.08511222222222223,17780424.806470923
2024-04-11,-0.0852,64405809.65051716
2024-04-12,-0.08528777777777778,111031194.49456339
2024-04-13,-0.08537555555555555,3655530.444084258
2024-04-14,-0.08546333333333334,10688167.836946256
2024-04-15,-0.0855511111111111,17720805.229808252
2024-04-16,-0.08563888888888889,25950887.02805773
2024-04-17,-0.08572666666666667,34180968.82630721
2024-04-18,-0.08581444444444444,42411050.62455669
2024-04-19,-0.08590222222222223,50641132.422806166
2024-04-20,-0.08599,58871214.22105564
2024-04-21,-0.08607777777777778,67101296.019305125
2024-04-22,-0.08616555555555555,75331377.81755461
2024-04-23,-0.08625333333333333,3635777.720617078
2024-04-24,-0.0863411111111111,3682343.4159040265
2024-04-25,-0.08642888888888889,3728909.1111909756
2024-04-26,-0.08651666666666666,3737292.843528718
2024-04-27,-0.08660444444444444,3745676.5758664603
2024-04-28,-0.08669222222222221,3754060.308204203
2024-04-29,-0.08678,3729788.1406393023
2024-04-30,-0.08686777777777777,3705515.9730744013
2024-05-01,-0.08695555555555555,3706759.741157363
2024-05-02,-0.08745860215053763,3708003.5092403246
2024-05-03,-0.0879616487455197,3709247.2773232865
2024-05-04,-0.08846469534050179,3708812.489485199
2024-05-05,-0.08896774193548386,3708377.7016471117
2024-05-06,-0.08947078853046594,57851409.30161817
2024-05-07,-0.08997383512544802,111994440.90158924
2024-05-08,-0.0904768817204301,1244156.882230512
2024-05-09,-0.09097992831541218,1242510.7896738572
2024-05-10,-0.09148297491039425,1240864.6971172022
2024-05-11,-0.09198602150537634,1239218.604560547
2024-05-12,-0.09248906810035841,1237572.512003892
2024-05-13,-0.0929921146953405,1235926.4194472372
2024-05-14,-0.09349516129032256,14644403.008318594
2024-05-15,-0.09399820788530465,28052879.597189948
2024-05-16,-0.09450125448028673,41461356.1860613
2024-05-17,-0.0950043010752688,54869832.77493266
2024-05-18,-0.09550734767025089,37434219.22627239
2024-05-19,-0.09601039426523296,19998605.67761212
2024-05-20,-0.09651344086021504,2562992.1289518476
2024-05-21,-0.09701648745519711,28661922.506209977
2024-05-22,-0.0975195340501792,54760852.88346811
2024-05-23,-0.09802258064516128,1178531.4734008792
2024-05-24,-0.09852562724014335,6785717.64117994
2024-05-25,-0.09902867383512544,12392903.808959002
2024-05-26,-0.09953172043010752,15332108.556649722
2024-05-27,-0.1000347670250896,18271313.30434044
2024-05-28,-0.10053781362007168,29625176.18004245
2024-05-29,-0.10104086021505375,40979039.055744454
2024-05-30,-0.10154390681003583,52332901.93144646
2024-05-31,-0.1020469534050179,63686764.80714847
2024-06-01,-0.10254999999999999,75040627.68285048
2024-06-02,-0.10253907407407406,61356582.91585903
2024-06-03,-0.10252814814814813,47672538.14886757
2024-06-04,-0.1025172222222222,33988493.38187611
2024-06-05,-0.10250629629629629,20304448.61488466
2024-06-06,-0.10249537037037036,6620403.847893209
2024-06-07,-0.10248444444444443,5730569.9600601485
2024-06-08,-0.1024735185185185,4840736.072227089
2024-06-09,-0.10246259259259258,3950902.184394028
2024-06-10,-0.10245166666666666,2955930.438778387
2024-06-11,-0.10244074074074073,1960958.6931627458
2024-06-12,-0.1024298148148148,965986.9475471046
2024-06-13,-0.10241888888888888,4070217.0940979593
2024-06-14,-0.10240796296296295,7174447.240648814
2024-06-15,-0.10239703703703702,59202198.060611285
2024-06-16,-0.1023861111111111,111229948.88057376
2024-06-17,-0.10237518518518518,1237590.4046077956
2024-06-18,-0.10236425925925925,2460932.7716536582
2024-06-19,-0.10235333333333332,3684275.138699521
2024-06-20,-0.1023424074074074,57336333.32050378
2024-06-21,-0.10233148148148147,110988391.50230803
2024-06-22,-0.10232055555555555,1250797.1378421562
2024-06-23,-0.10230962962962963,7787225.150387932
2024-06-24,-0.1022987037037037,14323653.162933707
2024-06-25,-0.10228777777777777,13627630.359922808
2024-06-26,-0.10227685185185184,12931607.556911906
2024-06-27,-0.10226592592592591,12235584.753901007
2024-06-28,-0.10225499999999998,11539561.950890105
2024-06-29,-0.10224407407407407,10843539.147879206
2024-06-30,-0.10223314814814814,60618983.893700354
2024-07-01,-0.10222222222222221,110394428.6395215
2024-07-02,-0.10235286738351254,1236971.9030768902
2024-07-03,-0.10248351254480285,7714717.74026513
2024-07-04,-0.10261415770609318,14192463.577453371
2024-07-05,-0.10274480286738351,62261947.997522816
2024-07-06,-0.10287544802867384,110331432.41759226
2024-07-07,-0.10300609318996415,1249761.0664956488
2024-07-08,-0.10313673835125448,9583884.454163615
2024-07-09,-0.1032673835125448,17918007.84183158
2024-07-10,-0.10339802867383512,61611883.86246393
2024-07-11,-0.10352867383512544,105305759.88309628
2024-07-12,-0.10365931899641577,1245183.5157309142
2024-07-13,-0.10378996415770608,9481736.930613497
2024-07-14,-0.10392060931899641,17718290.34549608
2024-07-15,-0.10405125448028674,63616920.80759882
2024-07-16,-0.10418189964157706,109515551.26970157
2024-07-17,-0.10431254480286738,77621217.35071202
2024-07-18,-0.1044431899641577,45726883.431722455
2024-07-19,-0.10457383512544803,13832549.51273289
2024-07-20,-0.10470448028673834,61714951.44318986
2024-07-21,-0.10483512544802867,109597353.37364683
2024-07-22,-0.104965770609319,1213559.914809044
2024-07-23,-0.10509641577060932,7639210.182237811
2024-07-24,-0.10522706093189964,14064860.449666578
2024-07-25,-0.10535770609318997,61733234.187592596
2024-07-26,-0.10548835125448029,109401607.92551862
2024-07-27,-0.1056189964157706,1241189.9556522148
2024-07-28,-0.10574964157706093,5038155.284192672
2024-07-29,-0.10588028673835126,8835120.61273313
2024-07-30,-0.10601093189964159,7934851.796162743
2024-07-31,-0.1061415770609319,7034582.979592357
2024-08-01,-0.10627222222222223,10602611.431777734
2024-08-02,-0.10705645161290323,14170639.883963112
2024-08-03,-0.10784068100358424,17738668.33614849
2024-08-04,-0.10862491039426524,29957794.09280934
2024-08-05,-0.10940913978494624,42176919.8494702
2024-08-06,-0.11019336917562725,1224912.7092590334
2024-08-07,-0.11097759856630825,5931427.719926543
2024-08-08,-0.11176182795698925,10637942.730594052
2024-08-09,-0.11254605734767026,59257645.305744976
2024-08-10,-0.11333028673835126,107877347.8808959
2024-08-11,-0.11411451612903226,75440981.24810529
2024-08-12,-0.11489874551971327,43004614.615314685
2024-08-13,-0.11568297491039427,10568247.982524078
2024-08-14,-0.11646720430107527,59163758.21843302
2024-08-15,-0.11725143369175628,107759268.45434198
2024-08-16,-0.11803566308243728,1215759.2068908694
2024-08-17,-0.11881989247311828,7593481.107006237
2024-08-18,-0.11960412186379929,13971203.007121604
2024-08-19,-0.12038835125448029,14220233.258223252
2024-08-20,-0.12117258064516129,14469263.5093249
2024-08-21,-0.1219568100358423,14718293.76042655
2024-08-22,-0.1227410394265233,14967324.011528198
2024-08-23,-0.1235252688172043,15216354.262629846
2024-08-24,-0.1243094982078853,60921336.29333928
2024-08-25,-0.1250937275985663,106626318.32404873
2024-08-26,-0.1258779569892473,1200759.7680299052
2024-08-27,-0.12666218637992832,5244380.47246758
2024-08-28,-0.1274464157706093,9288001.176905254
2024-08-29,-0.12823064516129032,30684509.026135445
2024-08-30,-0.12901487455197133,52081016.87536564
2024-08-31,-0.12979910394265232,1210895.967682962
2024-09-01,-0.13058333333333333,8075330.153905891
2024-09-02,-0.1299238888888889,14939764.340128819
2024-09-03,-0.12926444444444443,60812520.206928276
2024-09-04,-0.128605,106685276.07372774
2024-09-05,-0.12794555555555556,1166453.366477099
2024-09-06,-0.1272861111111111,653869.1484835758
2024-09-07,-0.12662666666666667,141284.93049005247
2024-09-08,-0.12596722222222223,53339389.59241969
2024-09-09,-0.12530777777777777,106537494.25434932
2024-09-10,-0.12464833333333333,1256801.610010125
2024-09-11,-0.12398888888888888,7929169.4699123
2024-09-12,-0.12332944444444444,14601537.329814475
2024-09-13,-0.12267,42907565.26060864
2024-09-14,-0.12201055555555555,71213593.19140281
2024-09-15,-0.1213511111111111,1864176.9085535388
2024-09-16,-0.12069166666666667,3561443.556061902
2024-09-17,-0.12003222222222222,5258710.203570265
2024-09-18,-0.11937277777777777,6955976.8510786295
2024-09-19,-0.11871333333333332,8653243.498586994
2024-09-20,-0.11805388888888889,10350510.146095356
2024-09-21,-0.11739444444444444,12047776.79360372
2024-09-22,-0.11673499999999999,13745043.441112082
2024-09-23,-0.11607555555555554,15300306.15055243
2024-09-24,-0.11541611111111111,16855568.859992776
2024-09-25,-0.11475666666666666,3646854.059032486
2024-09-26,-0.11409722222222221,2434063.2134161266
2024-09-27,-0.11343777777777778,1221272.3677997668
2024-09-28,-0.11277833333333333,35930005.90054926
2024-09-29,-0.11211888888888888,70638739.43329877
2024-09-30,-0.11145944444444444,1217360.4018371585
2024-10-01,-0.1108,8059661.213022029
2024-10-02,-0.11086487455197132,14901962.024206901
2024-10-03,-0.11092974910394265,15859597.648125026
2024-10-04,-0.11099462365591398,16817233.27204315
2024-10-05,-0.1110594982078853,1206089.2388454066
2024-10-06,-0.11112437275985663,5102773.950712347
2024-10-07,-0.11118924731182796,8999458.662579289
2024-10-08,-0.11125412186379928,12896143.374446228
2024-10-09,-0.11131899641577062,16792828.08631317
2024-10-10,-0.11138387096774194,15599085.99893043
2024-10-11,-0.11144874551971326,14405343.91154769
2024-10-12,-0.1115136200716846,13211601.824164953
2024-10-13,-0.11157849462365592,12017859.736782214
2024-10-14,-0.11164336917562724,10824117.649399474
2024-10-15,-0.11170824372759858,9630375.562016737
2024-10-16,-0.1117731182795699,8436633.474633997
2024-10-17,-0.11183799283154122,7242891.387251258
2024-10-18,-0.11190286738351254,6049149.2998685185
2024-10-19,-0.11196774193548388,4855407.212485779
2024-10-20,-0.1120326164874552,3661665.1251030425
2024-10-21,-0.11209749103942653,15548477.664029349
2024-10-22,-0.11216236559139786,27435290.202955656
2024-10-23,-0.11222724014336918,39322102.74188197
2024-10-24,-0.1122921146953405,51208915.28080827
2024-10-25,-0.11235698924731184,3637644.0543770595
2024-10-26,-0.11242186379928316,3634053.174688602
2024-10-27,-0.11248673835125449,3630462.2950001443
2024-10-28,-0.11255161290322582,2830436.535912249
2024-10-29,-0.11261648745519715,2030410.7768243533
2024-10-30,-0.11268136200716847,1230385.0177364578
2024-10-31,-0.1127462365591398,2454007.511464198
2024-11-01,-0.11281111111111113,3677630.005191938
2024-11-02,-0.11237444444444446,6398149.16322766
2024-11-03,-0.11193777777777779,9118668.32126338
2024-11-04,-0.11150111111111112,11839187.479299102
2024-11-05,-0.11106444444444445,14559706.637334824
2024-11-06,-0.1106277777777778,17280225.795370545
2024-11-07,-0.11019111111111113,14558793.017315269
2024-11-08,-0.10975444444444446,11837360.239259992
2024-11-09,-0.10931777777777779,9115927.461204715
2024-11-10,-0.10888111111111112,6394494.683149438
2024-11-11,-0.10844444444444445,3673061.905094162
2024-11-12,-0.10800777777777779,4299394.808162052
2024-11-13,-0.10757111111111112,4925727.711229943
2024-11-14,-0.10713444444444445,5552060.614297832
2024-11-15,-0.10669777777777778,6178393.517365722
2024-11-16,-0.10626111111111111,6804726.420433613
2024-11-17,-0.10582444444444446,29078915.463121906
2024-11-18,-0.10538777777777779,51353104.5058102
2024-11-19,-0.10495111111111112,61868593.48447392
2024-11-20,-0.10451444444444445,72384082.46313764
2024-11-21,-0.10407777777777778,82899571.44180135
2024-11-22,-0.10364111111111111,93415060.42046508
2024-11-23,-0.10320444444444445,103930549.3991288
2024-11-24,-0.10276777777777778,103842285.15324226
2024-11-25,-0.10233111111111112,103754020.90735571
2024-11-26,-0.10189444444444445,103665756.66146918
2024-11-27,-0.10145777777777779,103577492.41558263
2024-11-28,-0.10102111111111112,103489228.1696961
2024-11-29,-0.10058444444444445,3652057.9505730136
2024-11-30,-0.10014777777777778,15476933.521336792
2024-12-01,-0.09971111111111111,27301809.092100568
2024-12-02,-0.09909408602150538,39126684.66286434
2024-12-03,-0.09847706093189965,50951560.233628124
2024-12-04,-0.09786003584229391,3676476.1744194487
2024-12-05,-0.09724301075268817,8600922.898137588
2024-12-06,-0.09662598566308243,13525369.621855728
2024-12-07,-0.0960089605734767,11314649.006762693
2024-12-08,-0.09539193548387097,9103928.391669657
2024-12-09,-0.09477491039426524,6893207.77657662
2024-12-10,-0.09415788530465949,4682487.161483584
2024-12-11,-0.09354086021505376,2471766.5463905493
2024-12-12,-0.09292383512544802,33680976.33707259
2024-12-13,-0.09230681003584229,64890186.12775463
2024-12-14,-0.09168978494623656,47753540.068924144
2024-12-15,-0.09107275985663082,30616894.010093667
2024-12-16,-0.09045573476702509,13480247.951263187
2024-12-17,-0.08983870967741935,58045038.210393675
2024-12-18,-0.08922168458781361,102609828.46952416
2024-12-19,-0.08860465949820788,3649853.952999341
2024-12-20,-0.08798763440860215,26715087.209155735
2024-12-21,-0.08737060931899641,49780320.46531212
2024-12-22,-0.08675358422939067,72845553.72146852
2024-12-23,-0.08613655913978494,95910786.97762491
2024-12-24,-0.0855195340501792,86063424.48405474
2024-12-25,-0.08490250896057347,76216061.9904846
2024-12-26,-0.08428548387096774,66368699.49691443
2024-12-27,-0.083668458781362,56521337.00334427
2024-12-28,-0.08305143369175627,46673974.509774104
2024-12-29,-0.08243440860215054,36826612.01620395
2024-12-30,-0.08181738351254479,26979249.52263379
2024-12-31,-0.08120035842293906,17131887.029063623
2025-01-01,-0.08058333333333333,59417021.11135279
2025-01-02,-0.08160985663082436,101702155.19364196
2025-01-03,-0.0826363799283154,1237590.4103451003
2025-01-04,-0.08366290322580644,2446119.305607815
2025-01-05,-0.08468942652329749,3654648.2008705293
2025-01-06,-0.08571594982078852,6365857.629640922
2025-01-07,-0.08674247311827957,9077067.058411315
2025-01-08,-0.0877689964157706,11788276.487181708
2025-01-09,-0.08879551971326165,14499485.915952101
2025-01-10,-0.08982204301075268,17210695.344722494
2025-01-11,-0.09084856630824373,11886121.914328344
2025-01-12,-0.09187508960573476,6561548.483934192
2025-01-13,-0.0929016129032258,1236975.053540039
2025-01-14,-0.09392813620071684,9205367.348706054
2025-01-15,-0.09495465949820787,17173759.643872067
2025-01-16,-0.09598118279569892,12676666.631471518
2025-01-17,-0.09700770609318995,8179573.619070971
2025-01-18,-0.098034229390681,3682480.6066704253
2025-01-19,-0.09906075268817204,3674743.899547084
2025-01-20,-0.10008727598566308,3667007.1924237423
2025-01-21,-0.10111379928315412,3664015.662633081
2025-01-22,-0.10214032258064515,3661024.1328424197
2025-01-23,-0.1031668458781362,3658032.6030517584
2025-01-24,-0.10419336917562724,2444456.071500592
2025-01-25,-0.10521989247311828,1230879.539949425
2025-01-26,-0.10624641577060931,2043266.3802787834
2025-01-27,-0.10727293906810036,2855653.220608142
2025-01-28,-0.10829946236559139,3668040.0609375006
2025-01-29,-0.10932598566308244,3631428.5126906456
2025-01-30,-0.11035250896057347,3594816.9644437903
2025-01-31,-0.1113790322580645,52559238.703576796
2025-02-01,-0.11240555555555555,101523660.4427098
2025-02-02,-0.11099662698412698,68896864.25423172
2025-02-03,-0.10958769841269841,36270068.06575363
2025-02-04,-0.10817876984126984,3643271.8772755344
2025-02-05,-0.10676984126984126,52668415.338443786
2025-02-06,-0.10536091269841269,101693558.79961205
2025-02-07,-0.10395198412698411,3646824.1822448736
2025-02-08,-0.10254305555555555,10391492.362182196
2025-02-09,-0.10113412698412698,17136160.54211952
2025-02-10,-0.0997251984126984,42806345.732230335
2025-02-11,-0.09831626984126984,68476530.92234115
2025-02-12,-0.09690734126984127,3651721.9490524
2025-02-13,-0.0954984126984127,10403017.426855348
2025-02-14,-0.09408948412698412,17154312.9046583
2025-02-15,-0.09268055555555554,12653399.02337483
2025-02-16,-0.09127162698412698,8152485.14209136
2025-02-17,-0.08986269841269841,3651571.260807891
2025-02-18,-0.08845376984126983,3493590.6535534435
2025-02-19,-0.08704484126984127,3335610.046298996
2025-02-20,-0.0856359126984127,3439881.837026479
2025-02-21,-0.08422698412698412,3544153.6277539628
2025-02-22,-0.08281805555555555,3648425.418481446
2025-02-23,-0.08140912698412697,3640825.2843087
2025-02-24,-0.08000019841269841,3633225.1501359534
2025-02-25,-0.07859126984126984,2830071.8295767196
2025-02-26,-0.07718234126984126,2026918.509017486
2025-02-27,-0.0757734126984127,1223765.1884582522
2025-02-28,-0.07436448412698413,26292860.13751737
2025-03-01,-0.07295555555555555,51361955.086576484
2025-03-02,-0.07311666666666666,76431050.0356356
2025-03-03,-0.07327777777777778,101500144.98469472
2025-03-04,-0.07343888888888889,1172509.3775521074
2025-03-05,-0.0736,1401416.2282926575
2025-03-06,-0.07376111111111111,1630323.0790332074
2025-03-07,-0.07392222222222222,1859229.9297737572
2025-03-08,-0.07408333333333333,2088136.7805143073
2025-03-09,-0.07424444444444445,2317043.6312548574
2025-03-10,-0.07440555555555556,2545950.4819954075
2025-03-11,-0.07456666666666667,2774857.332735957
2025-03-12,-0.07472777777777778,3003764.183476507
2025-03-13,-0.0748888888888889,3232671.0342170573
2025-03-14,-0.07505,3461577.8849576074
2025-03-15,-0.07521111111111112,3690484.735698157
2025-03-16,-0.07537222222222223,3919391.586438707
2025-03-17,-0.07553333333333333,3493551.085680395
2025-03-18,-0.07569444444444444,3067710.584922083
2025-03-19,-0.07585555555555555,2641870.084163771
2025-03-20,-0.07601666666666666,20726609.35341224
2025-03-21,-0.07617777777777777,16538000.229360197
2025-03-22,-0.07633888888888889,12349391.105308153
2025-03-23,-0.0765,8160781.981256109
2025-03-24,-0.07666111111111111,3972172.8572040643
2025-03-25,-0.07682222222222222,11426416.814671475
2025-03-26,-0.07698333333333333,18880660.772138886
2025-03-27,-0.07714444444444445,66737507.79139363
2025-03-28,-0.07730555555555556,114594354.81064838
2025-03-29,-0.07746666666666667,2267989.917679491
2025-03-30,-0.07762777777777778,114901134.57472557
2025-03-31,-0.0777888888888889,8526968.47604394
2025-04-01,-0.07795,6988915.43075386
2025-04-02,-0.07831555555555555,5450862.38546378
2025-04-03,-0.07868111111111112,3912809.3401737
2025-04-04,-0.07904666666666667,2940895.9198098583
2025-04-05,-0.07941222222222223,1968982.4994460163
2025-04-06,-0.07977777777777778,69389820.9118122
2025-04-07,-0.08014333333333334,136810659.32417837
2025-04-08,-0.0805088888888889,1276581.086881391
2025-04-09,-0.08087444444444444,1148922.9781932519
2025-04-10,-0.08124,1021264.8695051128
2025-04-11,-0.08160555555555556,893606.7608169738
2025-04-12,-0.08197111111111112,765948.6521288346
2025-04-13,-0.08233666666666667,638290.5434406955
2025-04-14,-0.08270222222222223,510632.4347525565
2025-04-15,-0.08306777777777778,382974.3260644174
2025-04-16,-0.08343333333333333,255316.21737627825
2025-04-17,-0.0837988888888889,127658.10868813912
2025-04-18,-0.08416444444444444,0.0
2025-04-19,-0.08453000000000001,1295059.299747602
2025-04-20,-0.08489555555555556,2590118.599495204
2025-04-21,-0.08526111111111112,3180026.426046514
2025-04-22,-0.08562666666666667,3769934.252597824
2025-04-23,-0.08599222222222222,1266973.9172036566
2025-04-24,-0.08635777777777778,927239.6033335968
2025-04-25,-0.08672333333333333,587505.2894635369
2025-04-26,-0.0870888888888889,58310444.32837432
2025-04-27,-0.08745444444444445,116033383.3672851
2025-04-28,-0.08782000000000001,104572310.1619807
2025-04-29,-0.08818555555555556,93111236.95667632
2025-04-30,-0.08855111111111112,81650163.75137192
2025-05-01,-0.08891666666666667,70189090.54606754
2025-05-02,-0.08938960573476704,58728017.34076314
2025-05-03,-0.08986254480286739,3872479.665744557
2025-05-04,-0.09033548387096775,2530106.617443309
2025-05-05,-0.0908084229390681,1187733.5691420615
2025-05-06,-0.09128136200716847,10319533.400568232
2025-05-07,-0.09175430107526883,19451333.2319944
2025-05-08,-0.09222724014336918,21031833.778971784
2025-05-09,-0.09270017921146954,22612334.32594917
2025-05-10,-0.0931731182795699,52455286.35276783
2025-05-11,-0.09364605734767026,82298238.37958649
2025-05-12,-0.09411899641577061,112141190.40640515
2025-05-13,-0.09459193548387097,3908647.8227754487
2025-05-14,-0.09506487455197134,4518427.717947448
2025-05-15,-0.09553781362007169,5128207.613119448
2025-05-16,-0.09601075268817205,6147235.9440019205
2025-05-17,-0.0964836917562724,7166264.2748843925
2025-05-18,-0.09695663082437277,59745489.49505757
2025-05-19,-0.09742956989247312,112324714.71523073
2025-05-20,-0.09790250896057348,14442597.98648047
2025-05-21,-0.09837544802867385,72623807.06060016
2025-05-22,-0.0988483870967742,130805016.13471986
2025-05-23,-0.09932132616487456,92786924.39006057
2025-05-24,-0.09979426523297491,54768832.645401284
2025-05-25,-0.10026720430107527,16750740.900741993
2025-05-26,-0.10074014336917564,65816174.27130548
2025-05-27,-0.10121308243727599,114881607.64186896
2025-05-28,-0.10168602150537635,1293665.2230797864
2025-05-29,-0.1021589605734767,112297333.78864703
2025-05-30,-0.10263189964157707,95891252.20371816
2025-05-31,-0.10310483870967743,79485170.61878929
2025-06-01,-0.10357777777777778,63079089.033860415
2025-06-02,-0.10355296296296297,1280551.118593104
2025-06-03,-0.10352814814814815,10272676.605443258
2025-06-04,-0.10350333333333334,19264802.09229341
2025-06-05,-0.10347851851851853,74427108.18227655
2025-06-06,-0.10345370370370371,129589414.27225968
2025-06-07,-0.10342888888888889,1277381.6950662057
2025-06-08,-0.10340407407407408,22853520.0336992
2025-06-09,-0.10337925925925927,17447268.086676218
2025-06-10,-0.10335444444444444,12041016.139653232
2025-06-11,-0.10332962962962963,6634764.192630248
2025-06-12,-0.10330481481481482,1228512.245607264
2025-06-13,-0.10328,2534534.296728516
2025-06-14,-0.10325518518518519,3840556.3478497677
2025-06-15,-0.10323037037037038,20025977.685779534
2025-06-16,-0.10320555555555555,36211399.023709305
2025-06-17,-0.10318074074074074,55224917.256164506
2025-06-18,-0.10315592592592593,74238435.48861971
2025-06-19,-0.10313111111111112,93251953.72107491
2025-06-20,-0.1031062962962963,112265471.9535301
2025-06-21,-0.10308148148148148,131278990.1859853
2025-06-22,-0.10305666666666667,559781.1960809446
2025-06-23,-0.10303185185185185,2795693.332437493
2025-06-24,-0.10300703703703704,5031605.468794041
2025-06-25,-0.10298222222222222,60133609.24930618
2025-06-26,-0.10295740740740741,115235613.02981833
2025-06-27,-0.10293259259259259,1311783.844678692
2025-06-28,-0.10290777777777778,115320667.93447629
2025-06-29,-0.10288296296296297,15674056.510417862
2025-06-30,-0.10285814814814814,72511817.43014874
2025-07-01,-0.10283333333333333,129349578.34987962
2025-07-02,-0.10304193548387097,1298564.5707415417
2025-07-03,-0.1032505376344086,6150025.377618766
2025-07-04,-0.10345913978494624,11001486.184495991
2025-07-05,-0.10366774193548386,44842175.965354376
2025-07-06,-0.1038763440860215,78682865.74621275
2025-07-07,-0.10408494623655914,1284987.369870893
2025-07-08,-0.10429354838709677,113945084.98209149
2025-07-09,-0.10450215053763441,78211792.5173536
2025-07-10,-0.10471075268817205,42478500.05261572
2025-07-11,-0.10491935483870968,6745207.587877818
2025-07-12,-0.10512795698924732,1274179.30236601
2025-07-13,-0.10533655913978494,10353843.626677927
2025-07-14,-0.10554516129032258,19433507.950989846
2025-07-15,-0.10575376344086022,66635011.95313172
2025-07-16,-0.10596236559139785,113836515.9552736
2025-07-17,-0.10617096774193549,85996008.88145287
2025-07-18,-0.10637956989247312,58155501.80763215
2025-07-19,-0.10658817204301076,18074253.300872084
2025-07-20,-0.1067967741935484,84117660.00061832
2025-07-21,-0.10700537634408602,150161066.70036456
2025-07-22,-0.10721397849462366,1275380.2004372992
2025-07-23,-0.1074225806451613,2487030.6886910237
2025-07-24,-0.10763118279569893,3698681.176944748
2025-07-25,-0.10783978494623657,58811320.9633581
2025-07-26,-0.1080483870967742,113923960.74977145
2025-07-27,-0.10825698924731184,1253764.048764936
2025-07-28,-0.10846559139784948,113572373.11648372
2025-07-29,-0.1086741935483871,18071739.528598677
2025-07-30,-0.10888279569892474,73515281.18930508
2025-07-31,-0.10909139784946237,128958822.8500115
2025-08-01,-0.10930000000000001,1269776.0158669867
2025-08-02,-0.10949139784946238,4152503.5329489307
2025-08-03,-0.10968279569892474,7035231.050030875
2025-08-04,-0.10987419354838711,59250420.84907312
2025-08-05,-0.11006559139784947,111465610.64811537
2025-08-06,-0.11025698924731184,1391561.1111506447
2025-08-07,-0.1104483870967742,55226360.96883246
2025-08-08,-0.11063978494623657,17911582.77550982
2025-08-09,-0.11083118279569892,72371654.44004445
2025-08-10,-0.1110225806451613,126831726.10457908
2025-08-11,-0.11121397849462365,1245728.2480416095
2025-08-12,-0.11140537634408602,9583403.965521479
2025-08-13,-0.1115967741935484,17921079.683001347
2025-08-14,-0.11178817204301075,65169274.45545279
2025-08-15,-0.11197956989247312,112417469.22790423
2025-08-16,-0.11217096774193548,3775273.061824306
2025-08-17,-0.11236236559139785,112171243.88924564
2025-08-18,-0.11255376344086021,17842330.88490062
2025-08-19,-0.11274516129032258,74005998.30185482
2025-08-20,-0.11293655913978494,130169665.71880902
2025-08-21,-0.11312795698924731,1244957.4725320258
2025-08-22,-0.11331935483870967,1251501.9777836222
2025-08-23,-0.11351075268817204,1258046.483035219
2025-08-24,-0.11370215053763441,2099657.228170318
2025-08-25,-0.11389354838709677,2941267.973305417
2025-08-26,-0.11408494623655914,3782878.718440517
2025-08-27,-0.1142763440860215,89861936.58776239
2025-08-28,-0.11446774193548387,3774263.7171956385
2025-08-29,-0.11465913978494623,64808427.07103961
2025-08-30,-0.1148505376344086,125842590.42488359
2025-08-31,-0.11504193548387096,1250561.6572244086
2025-09-01,-0.11523333333333333,9538629.978792675
2025-09-02,-0.11635925925925925,17826698.30036094
2025-09-03,-0.11748518518518518,64608373.8312153
2025-09-04,-0.1186111111111111,111390049.36206967
2025-09-05,-0.11973703703703703,70716620.72336261
2025-09-06,-0.12086296296296295,30043192.084655546
2025-09-07,-0.12198888888888888,3603391.2286820957
2025-09-08,-0.1231148148148148,3691245.745275759
2025-09-09,-0.12424074074074073,3779100.261869423
2025-09-10,-0.12536666666666665,3756832.602927893
2025-09-11,-0.12649259259259257,11362039.161288332
2025-09-12,-0.12761851851851852,18967245.71964877
2025-09-13,-0.12874444444444444,64891385.340635724
2025-09-14,-0.12987037037037036,110815524.96162269
2025-09-15,-0.13099629629629628,96233150.51972952
2025-09-16,-0.1321222222222222,81650776.07783636
2025-09-17,-0.13324814814814814,8636412.516119145
2025-09-18,-0.13437407407407406,15988597.880787216
2025-09-19,-0.13549999999999998,23340783.245455287
2025-09-20,-0.13662592592592593,15977947.986655053
2025-09-21,-0.13775185185185185,8615112.727854816
2025-09-22,-0.13887777777777777,1252277.469054578
2025-09-23,-0.14000370370370369,11644602.19041982
2025-09-24,-0.1411296296296296,22036926.911785062
2025-09-25,-0.14225555555555555,62665576.40851353
2025-09-26,-0.14338148148148147,103294225.905242
2025-09-27,-0.1445074074074074,3709088.8038368374
2025-09-28,-0.1456333333333333,3676064.1942939907
2025-09-29,-0.14675925925925926,3643039.5847511445
2025-09-30,-0.14788518518518518,3707498.5145260086
2025-10-01,-0.1490111111111111,8764194.856858317
2025-10-02,-0.14842634408602148,13820891.199190624
2025-10-03,-0.14784157706093187,58069594.49304745
2025-10-04,-0.1472568100358423,102318297.78690428
2025-10-05,-0.14667204301075268,1235188.6114864578
2025-10-06,-0.14608727598566307,51623972.4455562
2025-10-07,-0.14550250896057346,17478091.094036024
2025-10-08,-0.14491774193548387,36378367.394807294
2025-10-09,-0.14433297491039426,55278643.695578575
2025-10-10,-0.14374820788530465,3677400.771155743
2025-10-11,-0.14316344086021504,8684857.335578348
2025-10-12,-0.14257867383512546,13692313.900000956
2025-10-13,-0.14199390681003585,61304079.35059899
2025-10-14,-0.14140913978494624,108915844.80119704
2025-10-15,-0.14082437275985663,77189717.17826739
2025-10-16,-0.14023960573476701,45463589.55533775
2025-10-17,-0.13965483870967743,13737461.93240811
2025-10-18,-0.13907007168458782,37545795.113624014
2025-10-19,-0.1384853046594982,61354128.29483992
2025-10-20,-0.1379005376344086,1201557.245979459
2025-10-21,-0.137315770609319,4307248.16032697
2025-10-22,-0.1367310035842294,7412939.074674481
2025-10-23,-0.1361462365591398,57937986.46708621
2025-10-24,-0.13556146953405018,108463033.85949795
2025-10-25,-0.13497670250896057,76895666.158393
2025-10-26,-0.134391935483871,45328298.45728805
2025-10-27,-0.13380716845878138,13760930.756183097
2025-10-28,-0.13322240143369177,11739556.815468293
2025-10-29,-0.13263763440860216,9718182.874753486
2025-10-30,-0.13205286738351257,7696808.934038682
2025-10-31,-0.13146810035842296,5675434.993323877
2025-11-01,-0.13088333333333335,3654061.0526090735
2025-11-02,-0.13052425925925928,29482872.559077498
2025-11-03,-0.1301651851851852,55311684.06554592
2025-11-04,-0.12980611111111112,49239897.57555094
2025-11-05,-0.12944703703703705,43168111.08555597
2025-11-06,-0.129087962962963,37096324.59556099
2025-11-07,-0.1287288888888889,31024538.105566017
2025-11-08,-0.12836981481481483,24952751.615571044
2025-11-09,-0.12801074074074076,3633832.5683326875
2025-11-10,-0.1276516666666667,12147269.597312957
2025-11-11,-0.1272925925925926,20660706.626293227
2025-11-12,-0.12693351851851853,16772419.473453177
2025-11-13,-0.12657444444444446,12884132.320613127
2025-11-14,-0.1262153703703704,8995845.16777308
2025-11-15,-0.1258562962962963,5107558.014933029
2025-11-16,-0.12549722222222223,1219270.8620929795
2025-11-17,-0.12513814814814817,1987257.5340528705
2025-11-18,-0.12477907407407408,2755244.206012761
2025-11-19,-0.12442,3523230.877972652
2025-11-20,-0.12406092592592594,8659472.115368053
2025-11-21,-0.12370185185185185,13795713.352763455
2025-11-22,-0.12334277777777779,23818913.602623694
2025-11-23,-0.1229837037037037,33842113.85248393
2025-11-24,-0.12262462962962964,3206426.9991713585
2025-11-25,-0.12226555555555556,10364104.165264472
2025-11-26,-0.12190648148148149,17521781.331357587
2025-11-27,-0.12154740740740741,71414623.11618236
2025-11-28,-0.12118833333333334,125307464.90100713
2025-11-29,-0.12082925925925926,3653776.8732035323
2025-11-30,-0.12047018518518518,11775411.643829644
2025-12-01,-0.12011111111111111,19897046.414455757
2025-12-02,-0.12011111111111111,14498862.786042776
2025-12-03,-0.12011111111111111,9100679.157629794
2025-12-04,-0.12011111111111111,3702495.529216812
2025-12-05,-0.12011111111111111,28260009.677543268
2025-12-06,-0.12011111111111111,13723425.664580934
2025-12-07,-0.12011111111111111,64137343.20379368
2025-12-08,-0.12011111111111111,114551260.74300642
2025-12-09,-0.12011111111111111,3706898.853801773
2025-12-10,-0.12011111111111111,3709405.852036181
2025-12-11,-0.12011111111111111,3711912.8502705893
2025-12-12,-0.12011111111111111,12686021.473525653
2025-12-13,-0.12011111111111111,21660130.096780714
2025-12-14,-0.12011111111111111,30634238.720035776
2025-12-15,-0.12011111111111111,39608347.34329084
2025-12-16,-0.12011111111111111,48582455.9665459
2025-12-17,-0.12011111111111111,57556564.58980097
2025-12-18,-0.12011111111111111,66530673.213056035
2025-12-19,-0.12011111111111111,3870878.4789159447
2025-12-20,-0.12011111111111111,5434921.577001356
2025-12-21,-0.12011111111111111,6998964.675086766
2025-12-22,-0.12011111111111111,5858315.761028621
2025-12-23,-0.12011111111111111,4717666.846970478
2025-12-24,-0.12011111111111111,3577017.9329123343
2025-12-25,-0.12011111111111111,2436369.0188541906
2025-12-26,-0.12011111111111111,1295720.104796047
2025-12-27,-0.12011111111111111,1857947.7810732857
2025-12-28,-0.12011111111111111,2420175.457350524
2025-12-29,-0.12011111111111111,2982403.133627763
2025-12-30,-0.12011111111111111,3544630.809905002
2025-12-31,-0.12011111111111111,4106858.4861822403
