Date,LAT,LON,NDWI,nb_images
2020-01-01,27.5,-7.5,-0.0708,12
2020-02-01,27.5,-7.5,-0.0782,12
2020-03-01,27.5,-7.5,-0.0849,10
2020-04-01,27.5,-7.5,-0.0896,11
2020-05-01,27.5,-7.5,-0.097,13
2020-06-01,27.5,-7.5,-0.1099,9
2020-07-01,27.5,-7.5,-0.1135,10
2020-08-01,27.5,-7.5,-0.1095,9
2020-09-01,27.5,-7.5,-0.1085,10
2020-10-01,27.5,-7.5,-0.091,8
2020-11-01,27.5,-7.5,-0.1001,8
2020-12-01,27.5,-7.5,-0.0816,8
2021-01-01,27.5,-7.5,-0.0805,12
2021-02-01,27.5,-7.5,-0.0767,10
2021-03-01,27.5,-7.5,-0.0848,10
2021-04-01,27.5,-7.5,-0.0877,9
2021-05-01,27.5,-7.5,-0.0901,7
2021-06-01,27.5,-7.5,-0.1009,8
2021-07-01,27.5,-7.5,-0.0995,7
2021-08-01,27.5,-7.5,-0.107,12
2021-09-01,27.5,-7.5,-0.1007,7
2021-10-01,27.5,-7.5,-0.0904,10
2021-11-01,27.5,-7.5,-0.0858,9
2021-12-01,27.5,-7.5,-0.0855,9
2022-01-01,27.5,-7.5,-0.0815,8
2022-02-01,27.5,-7.5,-0.0849,7
2022-03-01,27.5,-7.5,-0.086,8
2022-04-01,27.5,-7.5,-0.0805,11
2022-05-01,27.5,-7.5,-0.0862,7
2022-06-01,27.5,-7.5,-0.0947,7
2022-07-01,27.5,-7.5,-0.1023,10
2022-08-01,27.5,-7.5,-0.1072,9
2022-09-01,27.5,-7.5,-0.1022,9
2022-10-01,27.5,-7.5,-0.0935,9
2022-11-01,27.5,-7.5,-0.0851,9
2022-12-01,27.5,-7.5,-0.0899,10
2023-01-01,27.5,-7.5,-0.0749,10
2023-02-01,27.5,-7.5,-0.0815,5
2023-03-01,27.5,-7.5,-0.0855,9
2023-04-01,27.5,-7.5,-0.0876,10
2023-05-01,27.5,-7.5,-0.0862,10
2023-06-01,27.5,-7.5,-0.0971,11
2023-07-01,27.5,-7.5,-0.1012,11
2023-08-01,27.5,-7.5,-0.1018,12
2023-09-01,27.5,-7.5,-0.1055,6
2023-10-01,27.5,-7.5,-0.0981,8
2023-11-01,27.5,-7.5,-0.0864,11
2023-12-01,27.5,-7.5,-0.0801,10
2024-01-01,27.5,-7.5,-0.0777,9
2024-02-01,27.5,-7.5,-0.0785,8
2024-03-01,27.5,-7.5,-0.0809,9
2024-04-01,27.5,-7.5,-0.0824,9
2024-05-01,27.5,-7.5,-0.0811,10
2024-06-01,27.5,-7.5,-0.0922,10
2024-07-01,27.5,-7.5,-0.1003,11
2024-08-01,27.5,-7.5,-0.1086,9
2024-09-01,27.5,-7.5,-0.1148,7
2024-10-01,27.5,-7.5,-0.1027,9
2024-11-01,27.5,-7.5,-0.095,6
2024-12-01,27.5,-7.5,-0.0821,9
2025-01-01,27.5,-7.5,-0.0763,10
2025-02-01,27.5,-7.5,-0.0788,10
2025-03-01,27.5,-7.5,-0.0869,14
2025-04-01,27.5,-7.5,-0.0844,8
2025-05-01,27.5,-7.5,-0.092,7
2025-06-01,27.5,-7.5,-0.1011,11
2025-07-01,27.5,-7.5,-0.1061,16
2025-08-01,27.5,-7.5,-0.1087,11
2025-09-01,27.5,-7.5,-0.1036,10
2025-10-01,27.5,-7.5,-0.1005,10
2025-11-01,27.5,-7.5,-0.0915,13
2025-12-01,27.5,-7.5,-0.084,13
2020-01-01,27.5,-2.5,-0.0846,14
2020-02-01,27.5,-2.5,-0.0945,11
2020-03-01,27.5,-2.5,-0.0942,12
2020-04-01,27.5,-2.5,-0.1066,9
2020-05-01,27.5,-2.5,-0.102,11
2020-06-01,27.5,-2.5,-0.118,9
2020-07-01,27.5,-2.5,-0.1227,11
2020-08-01,27.5,-2.5,-0.1309,11
2020-09-01,27.5,-2.5,-0.1302,11
2020-10-01,27.5,-2.5,-0.1094,12
2020-11-01,27.5,-2.5,-0.1085,9
2020-12-01,27.5,-2.5,-0.0953,11
2021-01-01,27.5,-2.5,-0.0946,9
2021-02-01,27.5,-2.5,-0.0849,9
2021-03-01,27.5,-2.5,-0.0951,10
2021-04-01,27.5,-2.5,-0.0996,8
2021-05-01,27.5,-2.5,-0.1086,6
2021-06-01,27.5,-2.5,-0.1181,7
2021-07-01,27.5,-2.5,-0.11,13
2021-08-01,27.5,-2.5,-0.1147,12
2021-09-01,27.5,-2.5,-0.1179,11
2021-10-01,27.5,-2.5,-0.1057,11
2021-11-01,27.5,-2.5,-0.1054,10
2021-12-01,27.5,-2.5,-0.1004,10
2022-01-01,27.5,-2.5,-0.0905,7
2022-02-01,27.5,-2.5,-0.0909,6
2022-03-01,27.5,-2.5,-0.0954,11
2022-04-01,27.5,-2.5,-0.097,11
2022-05-01,27.5,-2.5,-0.1023,9
2022-06-01,27.5,-2.5,-0.1129,10
2022-07-01,27.5,-2.5,-0.1135,12
2022-08-01,27.5,-2.5,-0.1146,11
2022-09-01,27.5,-2.5,-0.1228,10
2022-10-01,27.5,-2.5,-0.1018,6
2022-11-01,27.5,-2.5,-0.0973,11
2022-12-01,27.5,-2.5,-0.0978,11
2023-01-01,27.5,-2.5,-0.0878,11
2023-02-01,27.5,-2.5,-0.0937,6
2023-03-01,27.5,-2.5,-0.0955,12
2023-04-01,27.5,-2.5,-0.1004,11
2023-05-01,27.5,-2.5,-0.1085,8
2023-06-01,27.5,-2.5,-0.1094,12
2023-07-01,27.5,-2.5,-0.1146,10
2023-08-01,27.5,-2.5,-0.1181,12
2023-09-01,27.5,-2.5,-0.1145,7
2023-10-01,27.5,-2.5,-0.1094,9
2023-11-01,27.5,-2.5,-0.0996,7
2023-12-01,27.5,-2.5,-0.0902,9
2024-01-01,27.5,-2.5,-0.0905,8
2024-02-01,27.5,-2.5,-0.0913,10
2024-03-01,27.5,-2.5,-0.0938,12
2024-04-01,27.5,-2.5,-0.0961,9
2024-05-01,27.5,-2.5,-0.0992,10
2024-06-01,27.5,-2.5,-0.1105,10
2024-07-01,27.5,-2.5,-0.1112,10
2024-08-01,27.5,-2.5,-0.1208,10
2024-09-01,27.5,-2.5,-0.1291,7
2024-10-01,27.5,-2.5,-0.1165,11
2024-11-01,27.5,-2.5,-0.1028,6
2024-12-01,27.5,-2.5,-0.089,10
2025-01-01,27.5,-2.5,-0.0903,12
2025-02-01,27.5,-2.5,-0.0939,11
2025-03-01,27.5,-2.5,-0.0969,12
2025-04-01,27.5,-2.5,-0.1053,8
2025-05-01,27.5,-2.5,-0.1054,9
2025-06-01,27.5,-2.5,-0.1153,10
2025-07-01,27.5,-2.5,-0.1183,14
2025-08-01,27.5,-2.5,-0.1197,13
2025-09-01,27.5,-2.5,-0.1222,10
2025-10-01,27.5,-2.5,-0.1177,12
2025-11-01,27.5,-2.5,-0.1065,11
2025-12-01,27.5,-2.5,-0.0941,14
2020-01-01,28.5,-7.5,-0.1098,12
2020-02-01,28.5,-7.5,-0.1116,10
2020-03-01,28.5,-7.5,-0.1126,10
2020-04-01,28.5,-7.5,-0.1134,10
2020-05-01,28.5,-7.5,-0.1206,13
2020-06-01,28.5,-7.5,-0.1262,8
2020-07-01,28.5,-7.5,-0.1337,9
2020-08-01,28.5,-7.5,-0.1426,10
2020-09-01,28.5,-7.5,-0.1379,12
2020-10-01,28.5,-7.5,-0.1254,10
2020-11-01,28.5,-7.5,-0.1341,8
2020-12-01,28.5,-7.5,-0.1172,10
2021-01-01,28.5,-7.5,-0.114,12
2021-02-01,28.5,-7.5,-0.1052,10
2021-03-01,28.5,-7.5,-0.1117,8
2021-04-01,28.5,-7.5,-0.1143,11
2021-05-01,28.5,-7.5,-0.1173,6
2021-06-01,28.5,-7.5,-0.1204,8
2021-07-01,28.5,-7.5,-0.1324,9
2021-08-01,28.5,-7.5,-0.1303,13
2021-09-01,28.5,-7.5,-0.1248,9
2021-10-01,28.5,-7.5,-0.1212,11
2021-11-01,28.5,-7.5,-0.1151,7
2021-12-01,28.5,-7.5,-0.1162,8
2022-01-01,28.5,-7.5,-0.1191,8
2022-02-01,28.5,-7.5,-0.1166,5
2022-03-01,28.5,-7.5,-0.1123,9
2022-04-01,28.5,-7.5,-0.1047,10
2022-05-01,28.5,-7.5,-0.109,11
2022-06-01,28.5,-7.5,-0.1206,8
2022-07-01,28.5,-7.5,-0.1255,8
2022-08-01,28.5,-7.5,-0.1318,9
2022-09-01,28.5,-7.5,-0.1308,8
2022-10-01,28.5,-7.5,-0.1233,9
2022-11-01,28.5,-7.5,-0.1171,9
2022-12-01,28.5,-7.5,-0.1212,11
2023-01-01,28.5,-7.5,-0.1061,10
2023-02-01,28.5,-7.5,-0.1103,5
2023-03-01,28.5,-7.5,-0.1126,9
2023-04-01,28.5,-7.5,-0.1117,11
2023-05-01,28.5,-7.5,-0.1094,10
2023-06-01,28.5,-7.5,-0.119,11
2023-07-01,28.5,-7.5,-0.1255,11
2023-08-01,28.5,-7.5,-0.1275,11
2023-09-01,28.5,-7.5,-0.1386,9
2023-10-01,28.5,-7.5,-0.1305,6
2023-11-01,28.5,-7.5,-0.1153,10
2023-12-01,28.5,-7.5,-0.112,9
2024-01-01,28.5,-7.5,-0.1102,9
2024-02-01,28.5,-7.5,-0.1054,9
2024-03-01,28.5,-7.5,-0.1074,9
2024-04-01,28.5,-7.5,-0.1064,8
2024-05-01,28.5,-7.5,-0.1039,10
2024-06-01,28.5,-7.5,-0.1155,11
2024-07-01,28.5,-7.5,-0.1261,11
2024-08-01,28.5,-7.5,-0.1364,8
2024-09-01,28.5,-7.5,-0.1408,7
2024-10-01,28.5,-7.5,-0.1277,9
2024-11-01,28.5,-7.5,-0.1267,6
2024-12-01,28.5,-7.5,-0.1184,8
2025-01-01,28.5,-7.5,-0.1095,12
2025-02-01,28.5,-7.5,-0.1065,11
2025-03-01,28.5,-7.5,-0.11,16
2025-04-01,28.5,-7.5,-0.109,8
2025-05-01,28.5,-7.5,-0.1111,7
2025-06-01,28.5,-7.5,-0.1226,9
2025-07-01,28.5,-7.5,-0.1257,15
2025-08-01,28.5,-7.5,-0.1298,11
2025-09-01,28.5,-7.5,-0.131,13
2025-10-01,28.5,-7.5,-0.1285,10
2025-11-01,28.5,-7.5,-0.1201,15
2025-12-01,28.5,-7.5,-0.1119,12
2020-01-01,28.5,-2.5,-0.1111,12
2020-02-01,28.5,-2.5,-0.1173,9
2020-03-01,28.5,-2.5,-0.1153,12
2020-04-01,28.5,-2.5,-0.1307,8
2020-05-01,28.5,-2.5,-0.1165,11
2020-06-01,28.5,-2.5,-0.1348,9
2020-07-01,28.5,-2.5,-0.1411,12
2020-08-01,28.5,-2.5,-0.1438,11
2020-09-01,28.5,-2.5,-0.1461,10
2020-10-01,28.5,-2.5,-0.1313,9
2020-11-01,28.5,-2.5,-0.1294,9
2020-12-01,28.5,-2.5,-0.1208,11
2021-01-01,28.5,-2.5,-0.1205,9
2021-02-01,28.5,-2.5,-0.1093,9
2021-03-01,28.5,-2.5,-0.1164,10
2021-04-01,28.5,-2.5,-0.1184,7
2021-05-01,28.5,-2.5,-0.1231,5
2021-06-01,28.5,-2.5,-0.1321,8
2021-07-01,28.5,-2.5,-0.1268,13
2021-08-01,28.5,-2.5,-0.1287,12
2021-09-01,28.5,-2.5,-0.1337,9
2021-10-01,28.5,-2.5,-0.1267,10
2021-11-01,28.5,-2.5,-0.1339,10
2021-12-01,28.5,-2.5,-0.1258,10
2022-01-01,28.5,-2.5,-0.121,7
2022-02-01,28.5,-2.5,-0.118,7
2022-03-01,28.5,-2.5,-0.1197,12
2022-04-01,28.5,-2.5,-0.1179,9
2022-05-01,28.5,-2.5,-0.121,9
2022-06-01,28.5,-2.5,-0.1299,9
2022-07-01,28.5,-2.5,-0.1327,13
2022-08-01,28.5,-2.5,-0.1335,12
2022-09-01,28.5,-2.5,-0.1335,9
2022-10-01,28.5,-2.5,-0.129,8
2022-11-01,28.5,-2.5,-0.1227,12
2022-12-01,28.5,-2.5,-0.1237,9
2023-01-01,28.5,-2.5,-0.116,11
2023-02-01,28.5,-2.5,-0.1168,8
2023-03-01,28.5,-2.5,-0.1183,12
2023-04-01,28.5,-2.5,-0.1203,11
2023-05-01,28.5,-2.5,-0.1248,8
2023-06-01,28.5,-2.5,-0.1234,11
2023-07-01,28.5,-2.5,-0.1277,11
2023-08-01,28.5,-2.5,-0.1359,11
2023-09-01,28.5,-2.5,-0.1362,7
2023-10-01,28.5,-2.5,-0.1298,8
2023-11-01,28.5,-2.5,-0.1251,7
2023-12-01,28.5,-2.5,-0.115,10
2024-01-01,28.5,-2.5,-0.116,8
2024-02-01,28.5,-2.5,-0.116,10
2024-03-01,28.5,-2.5,-0.1158,12
2024-04-01,28.5,-2.5,-0.1152,10
2024-05-01,28.5,-2.5,-0.1207,10
2024-06-01,28.5,-2.5,-0.1236,10
2024-07-01,28.5,-2.5,-0.1286,10
2024-08-01,28.5,-2.5,-0.1384,9
2024-09-01,28.5,-2.5,-0.1459,6
2024-10-01,28.5,-2.5,-0.1363,9
2024-11-01,28.5,-2.5,-0.1288,4
2024-12-01,28.5,-2.5,-0.1217,10
2025-01-01,28.5,-2.5,-0.1172,12
2025-02-01,28.5,-2.5,-0.1212,11
2025-03-01,28.5,-2.5,-0.1211,12
2025-04-01,28.5,-2.5,-0.1235,7
2025-05-01,28.5,-2.5,-0.1251,10
2025-06-01,28.5,-2.5,-0.1352,10
2025-07-01,28.5,-2.5,-0.1353,13
2025-08-01,28.5,-2.5,-0.1369,12
2025-09-01,28.5,-2.5,-0.1438,10
2025-10-01,28.5,-2.5,-0.1368,10
2025-11-01,28.5,-2.5,-0.1271,10
2025-12-01,28.5,-2.5,-0.1213,14
2020-01-01,29.5,-7.5,-0.169,6
2020-02-01,29.5,-7.5,-0.1663,5
2020-03-01,29.5,-7.5,-0.1703,6
2020-04-01,29.5,-7.5,-0.168,4
2020-05-01,29.5,-7.5,-0.1555,7
2020-06-01,29.5,-7.5,-0.1587,3
2020-07-01,29.5,-7.5,-0.1622,3
2020-08-01,29.5,-7.5,-0.1652,5
2020-09-01,29.5,-7.5,-0.1766,6
2020-10-01,29.5,-7.5,-0.1743,5
2020-11-01,29.5,-7.5,-0.1936,5
2020-12-01,29.5,-7.5,-0.1768,6
2021-01-01,29.5,-7.5,-0.1746,6
2021-02-01,29.5,-7.5,-0.153,5
2021-03-01,29.5,-7.5,-0.1648,4
2021-04-01,29.5,-7.5,-0.1581,6
2021-05-01,29.5,-7.5,-0.1591,3
2021-06-01,29.5,-7.5,-0.1558,5
2021-07-01,29.5,-7.5,-0.1438,5
2021-08-01,29.5,-7.5,-0.1504,6
2021-09-01,29.5,-7.5,-0.1535,5
2021-10-01,29.5,-7.5,-0.1481,6
2021-11-01,29.5,-7.5,-0.1577,5
2021-12-01,29.5,-7.5,-0.1758,5
2022-01-01,29.5,-7.5,-0.1679,3
2022-02-01,29.5,-7.5,-0.1578,2
2022-03-01,29.5,-7.5,-0.1398,4
2022-04-01,29.5,-7.5,-0.1498,6
2022-05-01,29.5,-7.5,-0.1556,6
2022-06-01,29.5,-7.5,-0.1551,3
2022-07-01,29.5,-7.5,-0.158,4
2022-08-01,29.5,-7.5,-0.1574,3
2022-09-01,29.5,-7.5,-0.172,4
2022-10-01,29.5,-7.5,-0.1557,4
2022-11-01,29.5,-7.5,-0.1583,4
2022-12-01,29.5,-7.5,-0.1683,6
2023-01-01,29.5,-7.5,-0.1532,4
2023-02-01,29.5,-7.5,-0.1555,2
2023-03-01,29.5,-7.5,-0.1635,5
2023-04-01,29.5,-7.5,-0.1528,6
2023-05-01,29.5,-7.5,-0.1568,4
2023-06-01,29.5,-7.5,-0.157,6
2023-07-01,29.5,-7.5,-0.1583,6
2023-08-01,29.5,-7.5,-0.168,4
2023-09-01,29.5,-7.5,-0.1731,6
2023-10-01,29.5,-7.5,-0.1764,5
2023-11-01,29.5,-7.5,-0.1484,6
2023-12-01,29.5,-7.5,-0.1517,4
2024-01-01,29.5,-7.5,-0.1512,3
2024-02-01,29.5,-7.5,-0.1577,3
2024-03-01,29.5,-7.5,-0.152,5
2024-04-01,29.5,-7.5,-0.1379,4
2024-05-01,29.5,-7.5,-0.1459,4
2024-06-01,29.5,-7.5,-0.1503,5
2024-07-01,29.5,-7.5,-0.1472,5
2024-08-01,29.5,-7.5,-0.1489,6
2024-09-01,29.5,-7.5,-0.1562,4
2024-10-01,29.5,-7.5,-0.1804,4
2024-11-01,29.5,-7.5,-0.1579,3
2024-12-01,29.5,-7.5,-0.1508,4
2025-01-01,29.5,-7.5,-0.148,6
2025-02-01,29.5,-7.5,-0.149,5
2025-03-01,29.5,-7.5,-0.1552,6
2025-04-01,29.5,-7.5,-0.1543,5
2025-05-01,29.5,-7.5,-0.1584,4
2025-06-01,29.5,-7.5,-0.164,5
2025-07-01,29.5,-7.5,-0.1559,8
2025-08-01,29.5,-7.5,-0.1748,4
2025-09-01,29.5,-7.5,-0.1701,5
2025-10-01,29.5,-7.5,-0.1781,4
2025-11-01,29.5,-7.5,-0.1718,7
2025-12-01,29.5,-7.5,-0.1704,5
2020-01-01,29.5,-2.5,-0.0911,5
2020-02-01,29.5,-2.5,-0.0956,4
2020-03-01,29.5,-2.5,-0.1081,7
2020-04-01,29.5,-2.5,-0.1176,5
2020-05-01,29.5,-2.5,-0.1226,5
2020-06-01,29.5,-2.5,-0.1238,3
2020-07-01,29.5,-2.5,-0.1318,5
2020-08-01,29.5,-2.5,-0.1392,5
2020-09-01,29.5,-2.5,-0.1444,4
2020-10-01,29.5,-2.5,-0.1207,5
2020-11-01,29.5,-2.5,-0.1143,5
2020-12-01,29.5,-2.5,-0.106,5
2021-01-01,29.5,-2.5,-0.0974,5
2021-02-01,29.5,-2.5,-0.0882,3
2021-03-01,29.5,-2.5,-0.0769,4
2021-04-01,29.5,-2.5,-0.111,3
2021-05-01,29.5,-2.5,-0.1258,2
2021-06-01,29.5,-2.5,-0.1188,2
2021-07-01,29.5,-2.5,-0.1254,6
2021-08-01,29.5,-2.5,-0.1219,6
2021-09-01,29.5,-2.5,-0.1284,4
2021-10-01,29.5,-2.5,-0.1171,6
2021-11-01,29.5,-2.5,-0.1104,5
2021-12-01,29.5,-2.5,-0.0937,5
2022-01-01,29.5,-2.5,-0.1002,4
2022-02-01,29.5,-2.5,-0.1049,2
2022-03-01,29.5,-2.5,-0.1072,5
2022-04-01,29.5,-2.5,-0.1068,5
2022-05-01,29.5,-2.5,-0.1122,5
2022-06-01,29.5,-2.5,-0.1226,5
2022-07-01,29.5,-2.5,-0.1264,6
2022-08-01,29.5,-2.5,-0.13,5
2022-09-01,29.5,-2.5,-0.1216,5
2022-10-01,29.5,-2.5,-0.1168,5
2022-11-01,29.5,-2.5,-0.1115,6
2022-12-01,29.5,-2.5,-0.1045,4
2023-01-01,29.5,-2.5,-0.0965,5
2023-02-01,29.5,-2.5,-0.1066,4
2023-03-01,29.5,-2.5,-0.1065,7
2023-04-01,29.5,-2.5,-0.1114,5
2023-05-01,29.5,-2.5,-0.1161,5
2023-06-01,29.5,-2.5,-0.1177,4
2023-07-01,29.5,-2.5,-0.1246,5
2023-08-01,29.5,-2.5,-0.1285,6
2023-09-01,29.5,-2.5,-0.1334,3
2023-10-01,29.5,-2.5,-0.1138,5
2023-11-01,29.5,-2.5,-0.1135,3
2023-12-01,29.5,-2.5,-0.0967,5
2024-01-01,29.5,-2.5,-0.1018,2
2024-02-01,29.5,-2.5,-0.1032,4
2024-03-01,29.5,-2.5,-0.1092,5
2024-04-01,29.5,-2.5,-0.1066,5
2024-05-01,29.5,-2.5,-0.1085,5
2024-06-01,29.5,-2.5,-0.1176,3
2024-07-01,29.5,-2.5,-0.1261,6
2024-08-01,29.5,-2.5,-0.1328,5
2024-09-01,29.5,-2.5,-0.1326,3
2024-10-01,29.5,-2.5,-0.1214,5
2024-11-01,29.5,-2.5,-0.1159,5
2024-12-01,29.5,-2.5,-0.1001,2
2025-01-01,29.5,-2.5,-0.0972,5
2025-02-01,29.5,-2.5,-0.1041,6
2025-03-01,29.5,-2.5,-0.105,5
2025-04-01,29.5,-2.5,-0.1138,5
2025-05-01,29.5,-2.5,-0.1153,7
2025-06-01,29.5,-2.5,-0.1221,7
2025-07-01,29.5,-2.5,-0.1282,6
2025-08-01,29.5,-2.5,-0.1309,8
2025-09-01,29.5,-2.5,-0.1305,6
2025-10-01,29.5,-2.5,-0.1196,7
2025-11-01,29.5,-2.5,-0.1091,7
2025-12-01,29.5,-2.5,-0.099,8
2020-01-01,30.5,-7.5,-0.1132,6
2020-02-01,30.5,-7.5,-0.118,5
2020-03-01,30.5,-7.5,-0.1135,5
2020-04-01,30.5,-7.5,-0.1122,4
2020-05-01,30.5,-7.5,-0.1103,7
2020-06-01,30.5,-7.5,-0.0993,4
2020-07-01,30.5,-7.5,-0.1198,5
2020-08-01,30.5,-7.5,-0.1263,5
2020-09-01,30.5,-7.5,-0.1236,5
2020-10-01,30.5,-7.5,-0.1242,5
2020-11-01,30.5,-7.5,-0.1237,4
2020-12-01,30.5,-7.5,-0.1255,6
2021-01-01,30.5,-7.5,-0.1165,6
2021-02-01,30.5,-7.5,-0.1094,4
2021-03-01,30.5,-7.5,-0.1007,4
2021-04-01,30.5,-7.5,-0.0918,4
2021-05-01,30.5,-7.5,-0.0943,3
2021-06-01,30.5,-7.5,-0.1039,5
2021-07-01,30.5,-7.5,-0.1152,2
2021-08-01,30.5,-7.5,-0.1105,6
2021-09-01,30.5,-7.5,-0.1164,4
2021-10-01,30.5,-7.5,-0.1158,6
2021-11-01,30.5,-7.5,-0.1127,5
2021-12-01,30.5,-7.5,-0.1111,5
2022-01-01,30.5,-7.5,-0.1146,3
2022-02-01,30.5,-7.5,-0.1214,2
2022-03-01,30.5,-7.5,-0.1012,5
2022-04-01,30.5,-7.5,-0.0919,6
2022-05-01,30.5,-7.5,-0.101,6
2022-06-01,30.5,-7.5,-0.1071,5
2022-07-01,30.5,-7.5,-0.1157,4
2022-08-01,30.5,-7.5,-0.1089,2
2022-09-01,30.5,-7.5,-0.1252,5
2022-10-01,30.5,-7.5,-0.1166,5
2022-11-01,30.5,-7.5,-0.1177,5
2022-12-01,30.5,-7.5,-0.1193,5
2023-01-01,30.5,-7.5,-0.1047,4
2023-02-01,30.5,-7.5,-0.0417,3
2023-03-01,30.5,-7.5,-0.1143,4
2023-04-01,30.5,-7.5,-0.0835,6
2023-05-01,30.5,-7.5,-0.0794,4
2023-06-01,30.5,-7.5,-0.0971,6
2023-07-01,30.5,-7.5,-0.1055,5
2023-08-01,30.5,-7.5,-0.1107,5
2023-09-01,30.5,-7.5,-0.1113,6
2023-10-01,30.5,-7.5,-0.1093,5
2023-11-01,30.5,-7.5,-0.1016,6
2023-12-01,30.5,-7.5,-0.0999,3
2024-01-01,30.5,-7.5,-0.1122,3
2024-02-01,30.5,-7.5,-0.1118,3
2024-03-01,30.5,-7.5,-0.1053,3
2024-04-01,30.5,-7.5,-0.1025,4
2024-05-01,30.5,-7.5,-0.1047,5
2024-06-01,30.5,-7.5,-0.108,5
2024-07-01,30.5,-7.5,-0.1068,6
2024-08-01,30.5,-7.5,-0.1179,5
2024-09-01,30.5,-7.5,-0.1177,4
2024-10-01,30.5,-7.5,-0.1288,4
2024-11-01,30.5,-7.5,-0.1225,3
2024-12-01,30.5,-7.5,-0.1076,5
2025-01-01,30.5,-7.5,-0.111,6
2025-02-01,30.5,-7.5,-0.1081,5
2025-03-01,30.5,-7.5,-0.1035,5
2025-04-01,30.5,-7.5,-0.1047,6
2025-05-01,30.5,-7.5,-0.1051,5
2025-06-01,30.5,-7.5,-0.1157,6
2025-07-01,30.5,-7.5,-0.1124,8
2025-08-01,30.5,-7.5,-0.122,5
2025-09-01,30.5,-7.5,-0.1195,5
2025-10-01,30.5,-7.5,-0.1259,5
2025-11-01,30.5,-7.5,-0.1189,6
2025-12-01,30.5,-7.5,-0.1128,5
2020-01-01,30.5,-2.5,-0.1066,7
2020-02-01,30.5,-2.5,-0.1027,4
2020-03-01,30.5,-2.5,-0.1156,7
2020-04-01,30.5,-2.5,-0.1271,5
2020-05-01,30.5,-2.5,-0.1234,5
2020-06-01,30.5,-2.5,-0.1151,3
2020-07-01,30.5,-2.5,-0.1379,6
2020-08-01,30.5,-2.5,-0.1381,5
2020-09-01,30.5,-2.5,-0.157,4
2020-10-01,30.5,-2.5,-0.1286,5
2020-11-01,30.5,-2.5,-0.1292,5
2020-12-01,30.5,-2.5,-0.1187,6
2021-01-01,30.5,-2.5,-0.1126,5
2021-02-01,30.5,-2.5,-0.1042,4
2021-03-01,30.5,-2.5,-0.1123,3
2021-04-01,30.5,-2.5,-0.1154,4
2021-05-01,30.5,-2.5,-0.1194,3
2021-06-01,30.5,-2.5,-0.1294,3
2021-07-01,30.5,-2.5,-0.1244,5
2021-08-01,30.5,-2.5,-0.1208,6
2021-09-01,30.5,-2.5,-0.1339,4
2021-10-01,30.5,-2.5,-0.1309,4
2021-11-01,30.5,-2.5,-0.1306,5
2021-12-01,30.5,-2.5,-0.1068,5
2022-01-01,30.5,-2.5,-0.1054,5
2022-02-01,30.5,-2.5,-0.1131,2
2022-03-01,30.5,-2.5,-0.1123,5
2022-04-01,30.5,-2.5,-0.1094,6
2022-05-01,30.5,-2.5,-0.1185,6
2022-06-01,30.5,-2.5,-0.1266,5
2022-07-01,30.5,-2.5,-0.1284,6
2022-08-01,30.5,-2.5,-0.1306,6
2022-09-01,30.5,-2.5,-0.1326,4
2022-10-01,30.5,-2.5,-0.1259,5
2022-11-01,30.5,-2.5,-0.1207,6
2022-12-01,30.5,-2.5,-0.1167,2
2023-01-01,30.5,-2.5,-0.1071,6
2023-02-01,30.5,-2.5,-0.1193,4
2023-03-01,30.5,-2.5,-0.1154,7
2023-04-01,30.5,-2.5,-0.1159,4
2023-05-01,30.5,-2.5,-0.1185,6
2023-06-01,30.5,-2.5,-0.1213,5
2023-07-01,30.5,-2.5,-0.1273,6
2023-08-01,30.5,-2.5,-0.131,5
2023-09-01,30.5,-2.5,-0.1258,2
2023-10-01,30.5,-2.5,-0.1301,4
2023-11-01,30.5,-2.5,-0.1249,3
2023-12-01,30.5,-2.5,-0.1053,5
2024-01-01,30.5,-2.5,-0.1151,2
2024-02-01,30.5,-2.5,-0.1118,4
2024-03-01,30.5,-2.5,-0.1158,5
2024-04-01,30.5,-2.5,-0.1187,5
2024-05-01,30.5,-2.5,-0.1138,6
2024-06-01,30.5,-2.5,-0.1225,5
2024-07-01,30.5,-2.5,-0.1294,6
2024-08-01,30.5,-2.5,-0.1405,6
2024-09-01,30.5,-2.5,-0.1369,2
2024-10-01,30.5,-2.5,-0.1331,4
2024-11-01,30.5,-2.5,-0.123,3
2024-12-01,30.5,-2.5,-0.1164,3
2025-01-01,30.5,-2.5,-0.1037,5
2025-02-01,30.5,-2.5,-0.1107,5
2025-03-01,30.5,-2.5,-0.1116,5
2025-04-01,30.5,-2.5,-0.1197,7
2025-05-01,30.5,-2.5,-0.1204,6
2025-06-01,30.5,-2.5,-0.1291,9
2025-07-01,30.5,-2.5,-0.1287,7
2025-08-01,30.5,-2.5,-0.1331,7
2025-09-01,30.5,-2.5,-0.1346,6
2025-10-01,30.5,-2.5,-0.128,8
2025-11-01,30.5,-2.5,-0.1236,6
2025-12-01,30.5,-2.5,-0.1172,7
2020-01-01,31.5,-7.5,0.0418,6
2020-02-01,31.5,-7.5,0.0531,5
2020-03-01,31.5,-7.5,0.0179,4
2020-04-01,31.5,-7.5,0.0275,2
2020-05-01,31.5,-7.5,0.0698,4
2020-06-01,31.5,-7.5,-0.0295,4
2020-07-01,31.5,-7.5,-0.0538,4
2020-08-01,31.5,-7.5,-0.0655,6
2020-09-01,31.5,-7.5,-0.0665,5
2020-10-01,31.5,-7.5,-0.0478,5
2020-11-01,31.5,-7.5,-0.0376,5
2020-12-01,31.5,-7.5,0.0072,6
2021-01-01,31.5,-7.5,0.0716,4
2021-02-01,31.5,-7.5,0.1614,4
2021-03-01,31.5,-7.5,0.2581,3
2021-04-01,31.5,-7.5,0.1623,3
2021-05-01,31.5,-7.5,0.0076,3
2021-06-01,31.5,-7.5,-0.0662,4
2021-07-01,31.5,-7.5,-0.0695,2
2021-08-01,31.5,-7.5,-0.072,5
2021-09-01,31.5,-7.5,-0.0722,4
2021-10-01,31.5,-7.5,-0.0578,6
2021-11-01,31.5,-7.5,-0.0434,4
2021-12-01,31.5,-7.5,-0.0229,5
2022-01-01,31.5,-7.5,-0.0447,4
2022-02-01,31.5,-7.5,-0.0589,2
2022-03-01,31.5,-7.5,-0.0088,3
2022-04-01,31.5,-7.5,0.0089,5
2022-05-01,31.5,-7.5,0.0036,6
2022-06-01,31.5,-7.5,-0.0569,4
2022-07-01,31.5,-7.5,-0.0755,3
2022-08-01,31.5,-7.5,-0.0923,2
2022-09-01,31.5,-7.5,-0.084,6
2022-10-01,31.5,-7.5,-0.0211,3
2022-11-01,31.5,-7.5,0.0095,5
2022-12-01,31.5,-7.5,0.0614,4
2023-01-01,31.5,-7.5,0.0484,4
2023-02-01,31.5,-7.5,0.0508,2
2023-03-01,31.5,-7.5,0.0585,3
2023-04-01,31.5,-7.5,0.0186,5
2023-05-01,31.5,-7.5,-0.0547,2
2023-06-01,31.5,-7.5,-0.0904,6
2023-07-01,31.5,-7.5,-0.0967,5
2023-08-01,31.5,-7.5,-0.0932,4
2023-09-01,31.5,-7.5,-0.105,5
2023-10-01,31.5,-7.5,-0.0855,3
2023-11-01,31.5,-7.5,-0.0597,6
2023-12-01,31.5,-7.5,-0.0179,5
2024-01-01,31.5,-7.5,-0.0386,3
2024-02-01,31.5,-7.5,-0.0224,3
2024-03-01,31.5,-7.5,0.0901,4
2024-04-01,31.5,-7.5,0.1059,5
2024-05-01,31.5,-7.5,-0.0033,5
2024-06-01,31.5,-7.5,-0.0648,6
2024-07-01,31.5,-7.5,-0.0761,5
2024-08-01,31.5,-7.5,-0.0851,5
2024-09-01,31.5,-7.5,-0.093,4
2024-10-01,31.5,-7.5,-0.0866,3
2024-11-01,31.5,-7.5,-0.0544,3
2024-12-01,31.5,-7.5,-0.0365,4
2025-01-01,31.5,-7.5,-0.0511,5
2025-02-01,31.5,-7.5,-0.0478,4
2025-03-01,31.5,-7.5,0.0576,5
2025-04-01,31.5,-7.5,0.1072,3
2025-05-01,31.5,-7.5,-0.0022,5
2025-06-01,31.5,-7.5,-0.0659,2
2025-07-01,31.5,-7.5,-0.0883,7
2025-08-01,31.5,-7.5,-0.0929,6
2025-09-01,31.5,-7.5,-0.0929,5
2025-10-01,31.5,-7.5,-0.0935,5
2025-11-01,31.5,-7.5,-0.0642,8
2025-12-01,31.5,-7.5,0.0098,5
2020-01-01,31.5,-2.5,-0.225,7
2020-02-01,31.5,-2.5,-0.213,3
2020-03-01,31.5,-2.5,-0.2154,7
2020-04-01,31.5,-2.5,-0.2147,4
2020-05-01,31.5,-2.5,-0.1888,5
2020-06-01,31.5,-2.5,-0.1985,4
2020-07-01,31.5,-2.5,-0.213,6
2020-08-01,31.5,-2.5,-0.2057,5
2020-09-01,31.5,-2.5,-0.22,4
2020-10-01,31.5,-2.5,-0.2221,5
2020-11-01,31.5,-2.5,-0.2413,4
2020-12-01,31.5,-2.5,-0.2354,5
2021-01-01,31.5,-2.5,-0.2246,4
2021-02-01,31.5,-2.5,-0.2176,4
2021-03-01,31.5,-2.5,-0.2004,4
2021-04-01,31.5,-2.5,-0.2124,4
2021-05-01,31.5,-2.5,-0.2033,2
2021-06-01,31.5,-2.5,-0.195,3
2021-07-01,31.5,-2.5,-0.191,6
2021-08-01,31.5,-2.5,-0.1914,6
2021-09-01,31.5,-2.5,-0.2087,5
2021-10-01,31.5,-2.5,-0.2175,3
2021-11-01,31.5,-2.5,-0.2308,5
2021-12-01,31.5,-2.5,-0.2278,5
2022-01-01,31.5,-2.5,-0.2224,5
2022-02-01,31.5,-2.5,-0.2267,3
2022-03-01,31.5,-2.5,-0.2107,5
2022-04-01,31.5,-2.5,-0.1948,6
2022-05-01,31.5,-2.5,-0.2095,4
2022-06-01,31.5,-2.5,-0.208,5
2022-07-01,31.5,-2.5,-0.2065,6
2022-08-01,31.5,-2.5,-0.2009,6
2022-09-01,31.5,-2.5,-0.2181,3
2022-10-01,31.5,-2.5,-0.2227,5
2022-11-01,31.5,-2.5,-0.2185,5
2022-12-01,31.5,-2.5,-0.2248,2
2023-01-01,31.5,-2.5,-0.2228,5
2023-02-01,31.5,-2.5,-0.2146,3
2023-03-01,31.5,-2.5,-0.2111,7
2023-04-01,31.5,-2.5,-0.1764,5
2023-05-01,31.5,-2.5,-0.2033,5
2023-06-01,31.5,-2.5,-0.2003,4
2023-07-01,31.5,-2.5,-0.1946,5
2023-08-01,31.5,-2.5,-0.191,5
2023-09-01,31.5,-2.5,-0.2168,2
2023-10-01,31.5,-2.5,-0.2214,4
2023-11-01,31.5,-2.5,-0.2215,3
2023-12-01,31.5,-2.5,-0.2066,6
2024-01-01,31.5,-2.5,-0.2015,4
2024-02-01,31.5,-2.5,-0.2012,3
2024-03-01,31.5,-2.5,-0.1914,5
2024-04-01,31.5,-2.5,-0.1748,3
2024-05-01,31.5,-2.5,-0.1795,6
2024-06-01,31.5,-2.5,-0.1885,4
2024-07-01,31.5,-2.5,-0.1839,6
2024-08-01,31.5,-2.5,-0.2043,5
2024-09-01,31.5,-2.5,-0.2267,2
2024-10-01,31.5,-2.5,-0.2003,5
2024-11-01,31.5,-2.5,-0.1723,4
2024-12-01,31.5,-2.5,-0.175,4
2025-01-01,31.5,-2.5,-0.1688,5
2025-02-01,31.5,-2.5,-0.1871,5
2025-03-01,31.5,-2.5,-0.1845,4
2025-04-01,31.5,-2.5,-0.1928,6
2025-05-01,31.5,-2.5,-0.1994,5
2025-06-01,31.5,-2.5,-0.2029,8
2025-07-01,31.5,-2.5,-0.1915,7
2025-08-01,31.5,-2.5,-0.1965,6
2025-09-01,31.5,-2.5,-0.1887,5
2025-10-01,31.5,-2.5,-0.2205,6
2025-11-01,31.5,-2.5,-0.2216,6
2025-12-01,31.5,-2.5,-0.2259,4
2020-01-01,32.5,-7.5,-0.1352,11
2020-02-01,32.5,-7.5,-0.1568,9
2020-03-01,32.5,-7.5,-0.1645,6
2020-04-01,32.5,-7.5,-0.1838,4
2020-05-01,32.5,-7.5,-0.1791,12
2020-06-01,32.5,-7.5,-0.1844,10
2020-07-01,32.5,-7.5,-0.1881,12
2020-08-01,32.5,-7.5,-0.1915,12
2020-09-01,32.5,-7.5,-0.1897,8
2020-10-01,32.5,-7.5,-0.1772,8
2020-11-01,32.5,-7.5,-0.1825,7
2020-12-01,32.5,-7.5,-0.1719,10
2021-01-01,32.5,-7.5,-0.1623,9
2021-02-01,32.5,-7.5,-0.1379,4
2021-03-01,32.5,-7.5,-0.1114,7
2021-04-01,32.5,-7.5,-0.124,3
2021-05-01,32.5,-7.5,-0.1668,9
2021-06-01,32.5,-7.5,-0.1773,8
2021-07-01,32.5,-7.5,-0.167,15
2021-08-01,32.5,-7.5,-0.1819,11
2021-09-01,32.5,-7.5,-0.1865,7
2021-10-01,32.5,-7.5,-0.1793,12
2021-11-01,32.5,-7.5,-0.1766,10
2021-12-01,32.5,-7.5,-0.1658,6
2022-01-01,32.5,-7.5,-0.1025,10
2022-02-01,32.5,-7.5,-0.1158,4
2022-03-01,32.5,-7.5,-0.1097,1
2022-04-01,32.5,-7.5,-0.1156,4
2022-05-01,32.5,-7.5,-0.1554,11
2022-06-01,32.5,-7.5,-0.1705,10
2022-07-01,32.5,-7.5,-0.1724,12
2022-08-01,32.5,-7.5,-0.183,9
2022-09-01,32.5,-7.5,-0.1878,8
2022-10-01,32.5,-7.5,-0.1605,7
2022-11-01,32.5,-7.5,-0.1645,9
2022-12-01,32.5,-7.5,-0.1288,4
2023-01-01,32.5,-7.5,-0.1175,7
2023-02-01,32.5,-7.5,-0.1206,1
2023-03-01,32.5,-7.5,-0.136,7
2023-04-01,32.5,-7.5,-0.1489,8
2023-05-01,32.5,-7.5,-0.1638,8
2023-06-01,32.5,-7.5,-0.1798,9
2023-07-01,32.5,-7.5,-0.1765,12
2023-08-01,32.5,-7.5,-0.1716,12
2023-09-01,32.5,-7.5,-0.1778,9
2023-10-01,32.5,-7.5,-0.1656,4
2023-11-01,32.5,-7.5,-0.1663,8
2023-12-01,32.5,-7.5,-0.1495,8
2024-01-01,32.5,-7.5,-0.1528,8
2024-02-01,32.5,-7.5,-0.153,5
2024-03-01,32.5,-7.5,-0.1496,6
2024-04-01,32.5,-7.5,-0.1402,9
2024-05-01,32.5,-7.5,-0.1518,5
2024-06-01,32.5,-7.5,-0.1677,9
2024-07-01,32.5,-7.5,-0.162,9
2024-08-01,32.5,-7.5,-0.1658,12
2024-09-01,32.5,-7.5,-0.174,11
2024-10-01,32.5,-7.5,-0.1788,4
2024-11-01,32.5,-7.5,-0.1639,8
2024-12-01,32.5,-7.5,-0.1496,7
2025-01-01,32.5,-7.5,-0.1406,7
2025-02-01,32.5,-7.5,-0.1439,6
2025-03-01,32.5,-7.5,-0.1286,7
2025-04-01,32.5,-7.5,-0.1056,3
2025-05-01,32.5,-7.5,-0.1379,9
2025-06-01,32.5,-7.5,-0.1601,8
2025-07-01,32.5,-7.5,-0.1579,13
2025-08-01,32.5,-7.5,-0.1713,12
2025-09-01,32.5,-7.5,-0.1736,9
2025-10-01,32.5,-7.5,-0.1799,9
2025-11-01,32.5,-7.5,-0.1599,12
2025-12-01,32.5,-7.5,-0.1397,6
2020-01-01,32.5,-2.5,-0.1006,12
2020-02-01,32.5,-2.5,-0.1037,4
2020-03-01,32.5,-2.5,-0.1102,9
2020-04-01,32.5,-2.5,-0.1101,8
2020-05-01,32.5,-2.5,-0.1179,7
2020-06-01,32.5,-2.5,-0.111,11
2020-07-01,32.5,-2.5,-0.1193,11
2020-08-01,32.5,-2.5,-0.1254,8
2020-09-01,32.5,-2.5,-0.1269,5
2020-10-01,32.5,-2.5,-0.1122,7
2020-11-01,32.5,-2.5,-0.1206,7
2020-12-01,32.5,-2.5,-0.1077,10
2021-01-01,32.5,-2.5,-0.1044,9
2021-02-01,32.5,-2.5,-0.0941,7
2021-03-01,32.5,-2.5,-0.103,6
2021-04-01,32.5,-2.5,-0.1047,7
2021-05-01,32.5,-2.5,-0.1089,3
2021-06-01,32.5,-2.5,-0.106,8
2021-07-01,32.5,-2.5,-0.1081,12
2021-08-01,32.5,-2.5,-0.1095,10
2021-09-01,32.5,-2.5,-0.1145,10
2021-10-01,32.5,-2.5,-0.1166,6
2021-11-01,32.5,-2.5,-0.112,10
2021-12-01,32.5,-2.5,-0.1166,12
2022-01-01,32.5,-2.5,-0.1081,10
2022-02-01,32.5,-2.5,-0.1109,6
2022-03-01,32.5,-2.5,-0.105,6
2022-04-01,32.5,-2.5,-0.0962,6
2022-05-01,32.5,-2.5,-0.1077,10
2022-06-01,32.5,-2.5,-0.1172,10
2022-07-01,32.5,-2.5,-0.1129,12
2022-08-01,32.5,-2.5,-0.1174,9
2022-09-01,32.5,-2.5,-0.1247,9
2022-10-01,32.5,-2.5,-0.1149,10
2022-11-01,32.5,-2.5,-0.1161,9
2022-12-01,32.5,-2.5,-0.1139,6
2023-01-01,32.5,-2.5,-0.1166,11
2023-02-01,32.5,-2.5,-0.1103,6
2023-03-01,32.5,-2.5,-0.1053,10
2023-04-01,32.5,-2.5,-0.0997,8
2023-05-01,32.5,-2.5,-0.1089,7
2023-06-01,32.5,-2.5,-0.1185,9
2023-07-01,32.5,-2.5,-0.1185,10
2023-08-01,32.5,-2.5,-0.1236,10
2023-09-01,32.5,-2.5,-0.1308,4
2023-10-01,32.5,-2.5,-0.125,6
2023-11-01,32.5,-2.5,-0.1165,6
2023-12-01,32.5,-2.5,-0.1094,12
2024-01-01,32.5,-2.5,-0.0986,8
2024-02-01,32.5,-2.5,-0.1075,6
2024-03-01,32.5,-2.5,-0.1122,6
2024-04-01,32.5,-2.5,-0.1113,5
2024-05-01,32.5,-2.5,-0.1181,12
2024-06-01,32.5,-2.5,-0.1165,7
2024-07-01,32.5,-2.5,-0.1231,10
2024-08-01,32.5,-2.5,-0.1374,9
2024-09-01,32.5,-2.5,-0.1458,4
2024-10-01,32.5,-2.5,-0.1327,9
2024-11-01,32.5,-2.5,-0.1241,7
2024-12-01,32.5,-2.5,-0.1117,8
2025-01-01,32.5,-2.5,-0.1129,8
2025-02-01,32.5,-2.5,-0.115,8
2025-03-01,32.5,-2.5,-0.1031,11
2025-04-01,32.5,-2.5,-0.1114,11
2025-05-01,32.5,-2.5,-0.1183,9
2025-06-01,32.5,-2.5,-0.1248,14
2025-07-01,32.5,-2.5,-0.1244,12
2025-08-01,32.5,-2.5,-0.126,14
2025-09-01,32.5,-2.5,-0.137,12
2025-10-01,32.5,-2.5,-0.1352,15
2025-11-01,32.5,-2.5,-0.1246,6
2025-12-01,32.5,-2.5,-0.1248,4
2020-01-01,33.5,-7.5,0.0129,6
2020-02-01,33.5,-7.5,0.0185,3
2020-03-01,33.5,-7.5,-0.0329,1
2020-04-01,33.5,-7.5,,0
2020-05-01,33.5,-7.5,-0.1259,5
2020-06-01,33.5,-7.5,-0.1484,5
2020-07-01,33.5,-7.5,-0.1665,5
2020-08-01,33.5,-7.5,-0.1807,4
2020-09-01,33.5,-7.5,-0.1744,4
2020-10-01,33.5,-7.5,-0.2022,3
2020-11-01,33.5,-7.5,-0.1807,4
2020-12-01,33.5,-7.5,-0.0851,3
2021-01-01,33.5,-7.5,0.074,3
2021-02-01,33.5,-7.5,0.1058,1
2021-03-01,33.5,-7.5,0.1206,3
2021-04-01,33.5,-7.5,0.0451,2
2021-05-01,33.5,-7.5,-0.0827,4
2021-06-01,33.5,-7.5,-0.1291,4
2021-07-01,33.5,-7.5,-0.1219,4
2021-08-01,33.5,-7.5,-0.126,4
2021-09-01,33.5,-7.5,-0.1487,3
2021-10-01,33.5,-7.5,-0.1583,4
2021-11-01,33.5,-7.5,-0.1609,6
2021-12-01,33.5,-7.5,-0.1701,3
2022-01-01,33.5,-7.5,-0.023,5
2022-02-01,33.5,-7.5,-0.0674,2
2022-03-01,33.5,-7.5,-0.0808,1
2022-04-01,33.5,-7.5,0.0077,2
2022-05-01,33.5,-7.5,-0.0845,4
2022-06-01,33.5,-7.5,-0.122,4
2022-07-01,33.5,-7.5,-0.1363,5
2022-08-01,33.5,-7.5,-0.134,3
2022-09-01,33.5,-7.5,-0.1531,4
2022-10-01,33.5,-7.5,-0.1363,2
2022-11-01,33.5,-7.5,-0.1619,4
2022-12-01,33.5,-7.5,-0.1141,1
2023-01-01,33.5,-7.5,-0.0155,3
2023-02-01,33.5,-7.5,,0
2023-03-01,33.5,-7.5,0.0689,3
2023-04-01,33.5,-7.5,-0.0189,4
2023-05-01,33.5,-7.5,-0.1055,3
2023-06-01,33.5,-7.5,-0.1508,3
2023-07-01,33.5,-7.5,-0.1573,4
2023-08-01,33.5,-7.5,-0.1418,6
2023-09-01,33.5,-7.5,-0.1709,5
2023-10-01,33.5,-7.5,-0.1614,3
2023-11-01,33.5,-7.5,-0.1539,4
2023-12-01,33.5,-7.5,-0.1163,3
2024-01-01,33.5,-7.5,-0.122,3
2024-02-01,33.5,-7.5,-0.1059,1
2024-03-01,33.5,-7.5,-0.0846,1
2024-04-01,33.5,-7.5,-0.0229,4
2024-05-01,33.5,-7.5,-0.1119,1
2024-06-01,33.5,-7.5,-0.1245,2
2024-07-01,33.5,-7.5,-0.1364,5
2024-08-01,33.5,-7.5,-0.1386,4
2024-09-01,33.5,-7.5,-0.1613,4
2024-10-01,33.5,-7.5,-0.159,2
2024-11-01,33.5,-7.5,-0.161,3
2024-12-01,33.5,-7.5,-0.1485,4
2025-01-01,33.5,-7.5,-0.1347,2
2025-02-01,33.5,-7.5,-0.1354,3
2025-03-01,33.5,-7.5,0.0106,3
2025-04-01,33.5,-7.5,-0.0055,2
2025-05-01,33.5,-7.5,-0.0762,5
2025-06-01,33.5,-7.5,-0.1205,2
2025-07-01,33.5,-7.5,-0.1223,6
2025-08-01,33.5,-7.5,-0.1282,4
2025-09-01,33.5,-7.5,-0.1387,2
2025-10-01,33.5,-7.5,-0.1581,5
2025-11-01,33.5,-7.5,-0.1443,4
2025-12-01,33.5,-7.5,-0.1013,4
2020-01-01,33.5,-2.5,-0.1074,4
2020-02-01,33.5,-2.5,-0.11,3
2020-03-01,33.5,-2.5,-0.1114,5
2020-04-01,33.5,-2.5,-0.1047,3
2020-05-01,33.5,-2.5,-0.1065,2
2020-06-01,33.5,-2.5,-0.1027,6
2020-07-01,33.5,-2.5,-0.1173,6
2020-08-01,33.5,-2.5,-0.1228,5
2020-09-01,33.5,-2.5,-0.1158,4
2020-10-01,33.5,-2.5,-0.1079,3
2020-11-01,33.5,-2.5,-0.1093,4
2020-12-01,33.5,-2.5,-0.103,4
2021-01-01,33.5,-2.5,-0.0948,3
2021-02-01,33.5,-2.5,-0.0951,4
2021-03-01,33.5,-2.5,-0.1095,3
2021-04-01,33.5,-2.5,-0.1039,2
2021-05-01,33.5,-2.5,-0.1101,2
2021-06-01,33.5,-2.5,-0.1123,4
2021-07-01,33.5,-2.5,-0.114,6
2021-08-01,33.5,-2.5,-0.1078,4
2021-09-01,33.5,-2.5,-0.1286,5
2021-10-01,33.5,-2.5,-0.1257,3
2021-11-01,33.5,-2.5,-0.1224,3
2021-12-01,33.5,-2.5,-0.1124,4
2022-01-01,33.5,-2.5,-0.103,5
2022-02-01,33.5,-2.5,-0.1095,3
2022-03-01,33.5,-2.5,-0.115,1
2022-04-01,33.5,-2.5,-0.1076,2
2022-05-01,33.5,-2.5,-0.1185,5
2022-06-01,33.5,-2.5,-0.1228,5
2022-07-01,33.5,-2.5,-0.1213,6
2022-08-01,33.5,-2.5,-0.1284,4
2022-09-01,33.5,-2.5,-0.1268,4
2022-10-01,33.5,-2.5,-0.1149,4
2022-11-01,33.5,-2.5,-0.107,3
2022-12-01,33.5,-2.5,-0.1141,3
2023-01-01,33.5,-2.5,-0.11,5
2023-02-01,33.5,-2.5,-0.1134,3
2023-03-01,33.5,-2.5,-0.1104,4
2023-04-01,33.5,-2.5,-0.1132,4
2023-05-01,33.5,-2.5,-0.1215,4
2023-06-01,33.5,-2.5,-0.1156,5
2023-07-01,33.5,-2.5,-0.1125,6
2023-08-01,33.5,-2.5,-0.1247,6
2023-09-01,33.5,-2.5,-0.1162,2
2023-10-01,33.5,-2.5,-0.1181,2
2023-11-01,33.5,-2.5,-0.1146,3
2023-12-01,33.5,-2.5,-0.1093,6
2024-01-01,33.5,-2.5,-0.1123,4
2024-02-01,33.5,-2.5,-0.1073,2
2024-03-01,33.5,-2.5,-0.1204,2
2024-04-01,33.5,-2.5,-0.1064,4
2024-05-01,33.5,-2.5,-0.1166,5
2024-06-01,33.5,-2.5,-0.1196,4
2024-07-01,33.5,-2.5,-0.1154,5
2024-08-01,33.5,-2.5,-0.1292,5
2024-09-01,33.5,-2.5,-0.1304,2
2024-10-01,33.5,-2.5,-0.1183,4
2024-11-01,33.5,-2.5,-0.1115,4
2024-12-01,33.5,-2.5,-0.0992,4
2025-01-01,33.5,-2.5,-0.1072,5
2025-02-01,33.5,-2.5,-0.1135,3
2025-03-01,33.5,-2.5,-0.0942,6
2025-04-01,33.5,-2.5,-0.0961,4
2025-05-01,33.5,-2.5,-0.0989,5
2025-06-01,33.5,-2.5,-0.111,6
2025-07-01,33.5,-2.5,-0.118,7
2025-08-01,33.5,-2.5,-0.1203,7
2025-09-01,33.5,-2.5,-0.1285,6
2025-10-01,33.5,-2.5,-0.125,7
2025-11-01,33.5,-2.5,-0.1108,5
2025-12-01,33.5,-2.5,-0.1181,3
2020-01-01,34.5,-7.5,0.0437,3
2020-02-01,34.5,-7.5,0.0178,3
2020-03-01,34.5,-7.5,-0.7185,1
2020-04-01,34.5,-7.5,-0.0007,1
2020-05-01,34.5,-7.5,-0.0276,4
2020-06-01,34.5,-7.5,-0.0127,5
2020-07-01,34.5,-7.5,0.0175,4
2020-08-01,34.5,-7.5,-0.0488,4
2020-09-01,34.5,-7.5,-0.0013,4
2020-10-01,34.5,-7.5,-0.238,5
2020-11-01,34.5,-7.5,-0.3558,4
2020-12-01,34.5,-7.5,0.0497,3
2021-01-01,34.5,-7.5,-0.1821,2
2021-02-01,34.5,-7.5,-0.4143,1
2021-03-01,34.5,-7.5,0.1701,3
2021-04-01,34.5,-7.5,-0.0194,2
2021-05-01,34.5,-7.5,0.0058,2
2021-06-01,34.5,-7.5,-0.0039,3
2021-07-01,34.5,-7.5,0.0419,4
2021-08-01,34.5,-7.5,-0.0629,4
2021-09-01,34.5,-7.5,-0.1023,4
2021-10-01,34.5,-7.5,-0.2556,4
2021-11-01,34.5,-7.5,-0.2643,5
2021-12-01,34.5,-7.5,-0.0158,3
2022-01-01,34.5,-7.5,-0.0978,3
2022-02-01,34.5,-7.5,-0.2613,2
2022-03-01,34.5,-7.5,,0
2022-04-01,34.5,-7.5,0.0393,3
2022-05-01,34.5,-7.5,0.0723,4
2022-06-01,34.5,-7.5,0.0176,5
2022-07-01,34.5,-7.5,0.0116,5
2022-08-01,34.5,-7.5,-0.0346,4
2022-09-01,34.5,-7.5,0.0205,4
2022-10-01,34.5,-7.5,-0.1002,1
2022-11-01,34.5,-7.5,-0.5037,2
2022-12-01,34.5,-7.5,-0.1082,2
2023-01-01,34.5,-7.5,-0.8267,3
2023-02-01,34.5,-7.5,-0.0891,1
2023-03-01,34.5,-7.5,0.1057,2
2023-04-01,34.5,-7.5,0.055,3
2023-05-01,34.5,-7.5,0.0443,2
2023-06-01,34.5,-7.5,0.0248,4
2023-07-01,34.5,-7.5,0.0066,4
2023-08-01,34.5,-7.5,0.0268,5
2023-09-01,34.5,-7.5,0.0287,3
2023-10-01,34.5,-7.5,0.0958,1
2023-11-01,34.5,-7.5,0.1328,4
2023-12-01,34.5,-7.5,0.1438,2
2024-01-01,34.5,-7.5,0.0623,3
2024-02-01,34.5,-7.5,-0.0328,1
2024-03-01,34.5,-7.5,-0.0074,2
2024-04-01,34.5,-7.5,0.0265,4
2024-05-01,34.5,-7.5,0.0114,1
2024-06-01,34.5,-7.5,-0.0006,3
2024-07-01,34.5,-7.5,0.032,4
2024-08-01,34.5,-7.5,0.0476,3
2024-09-01,34.5,-7.5,-0.3076,1
2024-10-01,34.5,-7.5,0.058,3
2024-11-01,34.5,-7.5,-0.2188,1
2024-12-01,34.5,-7.5,0.086,4
2025-01-01,34.5,-7.5,-0.0201,2
2025-02-01,34.5,-7.5,0.0138,2
2025-03-01,34.5,-7.5,0.1037,2
2025-04-01,34.5,-7.5,0.013,2
2025-05-01,34.5,-7.5,0.0141,7
2025-06-01,34.5,-7.5,0.0266,4
2025-07-01,34.5,-7.5,0.0128,6
2025-08-01,34.5,-7.5,0.0216,4
2025-09-01,34.5,-7.5,0.0427,2
2025-10-01,34.5,-7.5,-0.2379,6
2025-11-01,34.5,-7.5,0.0276,5
2025-12-01,34.5,-7.5,0.0312,1
2020-01-01,34.5,-2.5,-0.0759,4
2020-02-01,34.5,-2.5,-0.0712,3
2020-03-01,34.5,-2.5,-0.0887,4
2020-04-01,34.5,-2.5,-0.0814,1
2020-05-01,34.5,-2.5,-0.1542,1
2020-06-01,34.5,-2.5,-0.152,6
2020-07-01,34.5,-2.5,-0.161,5
2020-08-01,34.5,-2.5,-0.1648,4
2020-09-01,34.5,-2.5,-0.1663,4
2020-10-01,34.5,-2.5,-0.1654,4
2020-11-01,34.5,-2.5,-0.1609,3
2020-12-01,34.5,-2.5,-0.15,3
2021-01-01,34.5,-2.5,-0.1434,2
2021-02-01,34.5,-2.5,-0.1332,4
2021-03-01,34.5,-2.5,-0.1324,3
2021-04-01,34.5,-2.5,-0.139,3
2021-05-01,34.5,-2.5,,1
2021-06-01,34.5,-2.5,-0.1538,3
2021-07-01,34.5,-2.5,-0.1573,4
2021-08-01,34.5,-2.5,-0.1625,4
2021-09-01,34.5,-2.5,-0.1694,4
2021-10-01,34.5,-2.5,-0.1674,3
2021-11-01,34.5,-2.5,-0.1591,3
2021-12-01,34.5,-2.5,-0.1434,4
2022-01-01,34.5,-2.5,-0.1404,4
2022-02-01,34.5,-2.5,-0.149,2
2022-03-01,34.5,-2.5,-0.1221,1
2022-04-01,34.5,-2.5,-0.1099,2
2022-05-01,34.5,-2.5,-0.1145,3
2022-06-01,34.5,-2.5,-0.139,4
2022-07-01,34.5,-2.5,-0.1417,6
2022-08-01,34.5,-2.5,-0.1475,5
2022-09-01,34.5,-2.5,-0.1481,4
2022-10-01,34.5,-2.5,-0.1405,4
2022-11-01,34.5,-2.5,-0.1254,4
2022-12-01,34.5,-2.5,-0.1197,1
2023-01-01,34.5,-2.5,-0.1242,5
2023-02-01,34.5,-2.5,-0.1059,2
2023-03-01,34.5,-2.5,-0.1049,5
2023-04-01,34.5,-2.5,-0.1185,3
2023-05-01,34.5,-2.5,-0.1408,5
2023-06-01,34.5,-2.5,-0.1501,4
2023-07-01,34.5,-2.5,-0.1384,5
2023-08-01,34.5,-2.5,-0.1421,6
2023-09-01,34.5,-2.5,-0.1544,2
2023-10-01,34.5,-2.5,-0.14,3
2023-11-01,34.5,-2.5,-0.1399,3
2023-12-01,34.5,-2.5,-0.1204,5
2024-01-01,34.5,-2.5,-0.1285,3
2024-02-01,34.5,-2.5,-0.1202,3
2024-03-01,34.5,-2.5,-0.1032,1
2024-04-01,34.5,-2.5,-0.1054,3
2024-05-01,34.5,-2.5,-0.1177,3
2024-06-01,34.5,-2.5,-0.1298,4
2024-07-01,34.5,-2.5,-0.129,4
2024-08-01,34.5,-2.5,-0.1401,5
2024-09-01,34.5,-2.5,-0.151,3
2024-10-01,34.5,-2.5,-0.1414,4
2024-11-01,34.5,-2.5,-0.1321,4
2024-12-01,34.5,-2.5,-0.1178,4
2025-01-01,34.5,-2.5,-0.1195,4
2025-02-01,34.5,-2.5,-0.1304,2
2025-03-01,34.5,-2.5,-0.1119,5
2025-04-01,34.5,-2.5,-0.1057,3
2025-05-01,34.5,-2.5,-0.0968,6
2025-06-01,34.5,-2.5,-0.1174,6
2025-07-01,34.5,-2.5,-0.1235,7
2025-08-01,34.5,-2.5,-0.1296,7
2025-09-01,34.5,-2.5,-0.1348,5
2025-10-01,34.5,-2.5,-0.1339,5
2025-11-01,34.5,-2.5,-0.1198,4
2025-12-01,34.5,-2.5,-0.1189,2
2020-01-01,35.5,-7.5,-0.0995,3
2020-02-01,35.5,-7.5,0.0008,4
2020-03-01,35.5,-7.5,-0.8002,1
2020-04-01,35.5,-7.5,,0
2020-05-01,35.5,-7.5,-0.0733,2
2020-06-01,35.5,-7.5,-0.0346,4
2020-07-01,35.5,-7.5,-0.0072,4
2020-08-01,35.5,-7.5,-0.1277,4
2020-09-01,35.5,-7.5,-0.0663,3
2020-10-01,35.5,-7.5,-0.2218,4
2020-11-01,35.5,-7.5,-0.2453,4
2020-12-01,35.5,-7.5,-0.3856,3
2021-01-01,35.5,-7.5,-0.3831,4
2021-02-01,35.5,-7.5,-0.0582,1
2021-03-01,35.5,-7.5,-0.1815,4
2021-04-01,35.5,-7.5,-0.1508,2
2021-05-01,35.5,-7.5,-0.0158,4
2021-06-01,35.5,-7.5,-0.0019,2
2021-07-01,35.5,-7.5,0.0091,4
2021-08-01,35.5,-7.5,-0.049,3
2021-09-01,35.5,-7.5,-0.3787,5
2021-10-01,35.5,-7.5,-0.48,5
2021-11-01,35.5,-7.5,-0.2436,4
2021-12-01,35.5,-7.5,-0.3984,5
2022-01-01,35.5,-7.5,-0.6175,4
2022-02-01,35.5,-7.5,0.013,4
2022-03-01,35.5,-7.5,-0.0365,1
2022-04-01,35.5,-7.5,0.0106,3
2022-05-01,35.5,-7.5,0.0275,5
2022-06-01,35.5,-7.5,0.01,5
2022-07-01,35.5,-7.5,0.0098,5
2022-08-01,35.5,-7.5,-0.0087,3
2022-09-01,35.5,-7.5,-0.0004,3
2022-10-01,35.5,-7.5,-0.2408,2
2022-11-01,35.5,-7.5,-0.3341,2
2022-12-01,35.5,-7.5,-0.1802,3
2023-01-01,35.5,-7.5,-0.2637,3
2023-02-01,35.5,-7.5,-0.5458,2
2023-03-01,35.5,-7.5,0.0865,2
2023-04-01,35.5,-7.5,-0.0409,2
2023-05-01,35.5,-7.5,0.0256,5
2023-06-01,35.5,-7.5,-0.0125,4
2023-07-01,35.5,-7.5,-0.0008,5
2023-08-01,35.5,-7.5,0.002,5
2023-09-01,35.5,-7.5,0.0754,3
2023-10-01,35.5,-7.5,-0.0757,1
2023-11-01,35.5,-7.5,-0.0904,4
2023-12-01,35.5,-7.5,-0.0568,2
2024-01-01,35.5,-7.5,0.1003,2
2024-02-01,35.5,-7.5,0.1011,1
2024-03-01,35.5,-7.5,-0.0554,2
2024-04-01,35.5,-7.5,0.0144,2
2024-05-01,35.5,-7.5,0.0145,4
2024-06-01,35.5,-7.5,-0.0155,2
2024-07-01,35.5,-7.5,0.0052,4
2024-08-01,35.5,-7.5,0.0715,3
2024-09-01,35.5,-7.5,0.095,2
2024-10-01,35.5,-7.5,-0.032,2
2024-11-01,35.5,-7.5,-0.0667,1
2024-12-01,35.5,-7.5,-0.3094,3
2025-01-01,35.5,-7.5,0.0763,2
2025-02-01,35.5,-7.5,-0.2517,2
2025-03-01,35.5,-7.5,-0.0718,4
2025-04-01,35.5,-7.5,-0.0051,1
2025-05-01,35.5,-7.5,0.0014,6
2025-06-01,35.5,-7.5,0.0131,7
2025-07-01,35.5,-7.5,-0.0104,5
2025-08-01,35.5,-7.5,-0.0232,4
2025-09-01,35.5,-7.5,0.0126,2
2025-10-01,35.5,-7.5,-0.3379,4
2025-11-01,35.5,-7.5,-0.2394,5
2025-12-01,35.5,-7.5,-0.1114,1
2020-01-01,35.5,-2.5,0.435,3
2020-02-01,35.5,-2.5,-0.2253,1
2020-03-01,35.5,-2.5,-0.0025,3
2020-04-01,35.5,-2.5,0.0575,2
2020-05-01,35.5,-2.5,0.0369,1
2020-06-01,35.5,-2.5,-0.0022,5
2020-07-01,35.5,-2.5,0.0751,5
2020-08-01,35.5,-2.5,0.0141,4
2020-09-01,35.5,-2.5,-0.0643,4
2020-10-01,35.5,-2.5,-0.2857,3
2020-11-01,35.5,-2.5,-0.2592,1
2020-12-01,35.5,-2.5,-0.4397,5
2021-01-01,35.5,-2.5,-0.6877,1
2021-02-01,35.5,-2.5,0.2313,2
2021-03-01,35.5,-2.5,-0.1398,3
2021-04-01,35.5,-2.5,0.0591,2
2021-05-01,35.5,-2.5,-0.0827,2
2021-06-01,35.5,-2.5,0.0343,3
2021-07-01,35.5,-2.5,0.0606,3
2021-08-01,35.5,-2.5,0.079,4
2021-09-01,35.5,-2.5,0.0398,4
2021-10-01,35.5,-2.5,-0.4117,3
2021-11-01,35.5,-2.5,-0.3308,3
2021-12-01,35.5,-2.5,-0.3362,3
2022-01-01,35.5,-2.5,-0.4071,3
2022-02-01,35.5,-2.5,-0.1165,2
2022-03-01,35.5,-2.5,0.3103,1
2022-04-01,35.5,-2.5,-0.1952,3
2022-05-01,35.5,-2.5,0.0518,2
2022-06-01,35.5,-2.5,0.0138,5
2022-07-01,35.5,-2.5,0.0456,6
2022-08-01,35.5,-2.5,0.0188,4
2022-09-01,35.5,-2.5,0.0042,4
2022-10-01,35.5,-2.5,-1.0,1
2022-11-01,35.5,-2.5,-0.0127,4
2022-12-01,35.5,-2.5,,0
2023-01-01,35.5,-2.5,0.1245,2
2023-02-01,35.5,-2.5,0.1115,1
2023-03-01,35.5,-2.5,0.0151,4
2023-04-01,35.5,-2.5,0.0963,4
2023-05-01,35.5,-2.5,0.1291,6
2023-06-01,35.5,-2.5,0.0538,5
2023-07-01,35.5,-2.5,0.0602,5
2023-08-01,35.5,-2.5,0.0827,5
2023-09-01,35.5,-2.5,-0.0031,2
2023-10-01,35.5,-2.5,-0.0219,2
2023-11-01,35.5,-2.5,-0.2265,2
2023-12-01,35.5,-2.5,0.1728,2
2024-01-01,35.5,-2.5,0.3468,3
2024-02-01,35.5,-2.5,0.1034,3
2024-03-01,35.5,-2.5,0.1564,2
2024-04-01,35.5,-2.5,-0.1378,4
2024-05-01,35.5,-2.5,0.0856,2
2024-06-01,35.5,-2.5,0.0218,5
2024-07-01,35.5,-2.5,0.0244,5
2024-08-01,35.5,-2.5,0.0128,6
2024-09-01,35.5,-2.5,0.0183,3
2024-10-01,35.5,-2.5,0.0436,4
2024-11-01,35.5,-2.5,0.1468,3
2024-12-01,35.5,-2.5,0.153,4
2025-01-01,35.5,-2.5,0.1813,2
2025-02-01,35.5,-2.5,-0.04,1
2025-03-01,35.5,-2.5,0.0992,3
2025-04-01,35.5,-2.5,0.0136,5
2025-05-01,35.5,-2.5,0.0465,6
2025-06-01,35.5,-2.5,0.0036,5
2025-07-01,35.5,-2.5,0.0831,7
2025-08-01,35.5,-2.5,0.0549,6
2025-09-01,35.5,-2.5,-0.08,4
2025-10-01,35.5,-2.5,-0.0252,5
2025-11-01,35.5,-2.5,-0.2303,5
2025-12-01,35.5,-2.5,-0.3522,2
